Rsbuild v2.1.6

info    build started...
ready   built in 10.4s

File (web)                                                             Size         Gzip   
dist/static/js/async/87250.473ed7636b.js                               0.10 kB      0.10 kB
dist/static/js/async/3197.99a09f68dd.js                                0.15 kB      0.14 kB
dist/static/js/async/88458.4f7f3f3181.js                               0.15 kB      0.14 kB
dist/static/js/async/64527.6fe6ac1a8f.js                               0.15 kB      0.14 kB
dist/static/js/async/10349.a5f264ba16.js                               0.15 kB      0.15 kB
dist/static/js/async/58666.ec32322695.js                               0.20 kB      0.18 kB
dist/static/js/async/30576.6da9411e6e.js                               0.88 kB      0.50 kB
dist/static/js/async/78063.022d594bab.js                               1.0 kB       0.57 kB
dist/static/js/async/49941.d3b6abd9a2.js                               1.0 kB       0.57 kB
dist/index.html                                                        1.0 kB       0.50 kB
dist/static/js/async/98729.faa48e925c.js                               1.8 kB       0.92 kB
dist/static/js/async/3387.f604a1b1d9.js                                1.9 kB       0.84 kB
dist/static/js/async/32663.102612f22e.js                               1.9 kB       0.84 kB
dist/static/js/async/54292.3757f3f5b7.js                               2.2 kB       1.0 kB
dist/static/js/async/56228.2e6c2ed062.js                               2.2 kB       1.0 kB
dist/static/js/async/72742.e8d045826b.js                               2.2 kB       1.0 kB
dist/static/js/async/16706.1c9cb346d9.js                               2.2 kB       1.1 kB
dist/static/js/async/10550.d9177274a5.js                               2.2 kB       1.0 kB
dist/static/js/async/13806.3fc86d10ea.js                               2.2 kB       1.1 kB
dist/static/js/async/40436.b6348b4ee5.js                               2.3 kB       1.1 kB
dist/static/js/async/70946.25158d50da.js                               2.3 kB       1.1 kB
dist/static/js/async/25808.4070db3da7.js                               2.3 kB       1.1 kB
dist/static/js/async/37186.c95c8bfdaf.js                               2.3 kB       1.1 kB
dist/static/js/async/92314.e8596cc3e0.js                               2.3 kB       1.1 kB
dist/static/js/async/5172.c47aff09fe.js                                2.3 kB       1.1 kB
dist/static/js/async/6170.09bdece3f1.js                                2.3 kB       1.1 kB
dist/static/js/async/52944.ca286c43c3.js                               2.3 kB       1.1 kB
dist/static/js/async/48201.2a88f24006.js                               2.3 kB       1.1 kB
dist/static/js/async/43138.1b6ea9bd36.js                               2.3 kB       1.1 kB
dist/static/js/async/60160.d9fdfcdd78.js                               2.3 kB       1.1 kB
dist/static/js/async/76360.494b9dd2d2.js                               2.3 kB       1.1 kB
dist/static/js/async/54970.592b990a50.js                               2.3 kB       1.1 kB
dist/static/js/async/3836.044944954e.js                                2.3 kB       1.1 kB
dist/static/js/async/62292.f4544091c0.js                               2.3 kB       1.1 kB
dist/static/js/async/43916.62d23f04c0.js                               2.3 kB       1.1 kB
dist/static/js/async/22726.de800ad05a.js                               2.3 kB       1.1 kB
dist/static/js/async/50312.617fd8cff9.js                               2.3 kB       1.1 kB
dist/static/js/async/11185.415699d0ed.js                               2.3 kB       1.1 kB
dist/static/js/async/98163.4b806cbbc3.js                               2.3 kB       1.1 kB
dist/static/js/async/70522.f6b5b2e15c.js                               2.3 kB       1.1 kB
dist/static/js/async/59486.34c065e599.js                               2.3 kB       1.1 kB
dist/static/js/async/76102.a57ba8d4b3.js                               2.3 kB       1.1 kB
dist/static/js/async/93516.6b9780c7e9.js                               2.3 kB       1.1 kB
dist/static/js/async/85811.b88ab07f21.js                               2.3 kB       1.1 kB
dist/static/js/async/3426.af9d583fd5.js                                2.3 kB       1.1 kB
dist/static/js/async/7876.44752d8ff2.js                                2.3 kB       1.1 kB
dist/static/js/async/55596.7e90da4444.js                               2.4 kB       1.1 kB
dist/static/js/async/61833.a6e0c54653.js                               2.4 kB       1.1 kB
dist/static/js/async/83950.f88e5e735c.js                               2.4 kB       1.1 kB
dist/static/js/async/65005.f0c13af6cc.js                               2.4 kB       1.1 kB
dist/static/js/async/48712.42f42f2746.js                               2.4 kB       1.1 kB
dist/static/js/async/16099.6e373d855d.js                               2.4 kB       1.2 kB
dist/static/js/async/57365.02396b5fcf.js                               2.4 kB       1.1 kB
dist/static/js/async/5813.bb7043323c.js                                2.4 kB       1.1 kB
dist/static/js/async/4014.45d4a71530.js                                2.4 kB       1.1 kB
dist/static/js/async/72587.8fc902d9c8.js                               2.4 kB       1.2 kB
dist/static/js/async/3392.c301e61634.js                                2.4 kB       1.1 kB
dist/static/js/async/20314.a952b86e67.js                               2.4 kB       1.1 kB
dist/static/js/async/27005.28c7a135c3.js                               2.4 kB       1.2 kB
dist/static/js/async/39484.569825ab2c.js                               2.4 kB       1.1 kB
dist/static/js/async/23285.bb225dd5dd.js                               2.4 kB       1.1 kB
dist/static/js/async/87333.26120a454b.js                               2.4 kB       1.1 kB
dist/static/js/async/77397.8061cd013b.js                               2.4 kB       1.2 kB
dist/static/js/async/21291.afb877204d.js                               2.4 kB       1.2 kB
dist/static/js/async/77909.76f8167de9.js                               2.4 kB       1.1 kB
dist/static/js/async/19071.a09bb2cdee.js                               2.4 kB       1.2 kB
dist/static/js/async/70587.5570b108e0.js                               2.4 kB       1.2 kB
dist/static/js/async/9697.14ce65a0b9.js                                2.4 kB       1.1 kB
dist/static/js/async/6885.6d945452d9.js                                2.4 kB       1.1 kB
dist/static/js/async/99134.1f59e2cada.js                               2.4 kB       1.2 kB
dist/static/js/async/8370.38dd09d6fe.js                                2.4 kB       1.2 kB
dist/static/js/async/79264.f5252a10c0.js                               2.4 kB       1.2 kB
dist/static/js/async/94840.dc18ab102c.js                               2.4 kB       1.2 kB
dist/static/js/async/3904.ab3f0121e2.js                                2.4 kB       1.2 kB
dist/static/js/async/42676.a5b3f05503.js                               2.5 kB       1.1 kB
dist/static/js/async/24580.22ab24b191.js                               2.5 kB       1.2 kB
dist/static/js/async/44068.d90d424a03.js                               2.5 kB       1.2 kB
dist/static/js/async/1215.f7de2d625b.js                                2.5 kB       1.2 kB
dist/static/js/async/49567.723eed6740.js                               2.5 kB       1.1 kB
dist/static/js/async/80310.dff0fa8efa.js                               2.5 kB       1.2 kB
dist/static/js/async/86936.4408e5c443.js                               2.5 kB       1.2 kB
dist/static/js/async/39209.ddf54854b3.js                               2.5 kB       1.2 kB
dist/static/js/async/41853.1b026960ab.js                               2.5 kB       1.2 kB
dist/static/js/async/3929.c29a377996.js                                2.5 kB       1.2 kB
dist/static/js/async/69262.27cca76aef.js                               2.5 kB       1.2 kB
dist/static/js/async/51079.c881d3d4b7.js                               2.5 kB       1.2 kB
dist/static/js/async/83594.fa4839acb9.js                               2.5 kB       1.2 kB
dist/static/js/async/95499.727e26181c.js                               2.5 kB       1.1 kB
dist/static/js/async/49.ec464253e4.js                                  2.5 kB       1.2 kB
dist/static/js/async/84076.665d34ab5b.js                               2.5 kB       1.2 kB
dist/static/js/async/26895.6f19153e13.js                               2.5 kB       1.2 kB
dist/static/js/async/67115.c0383910ee.js                               2.5 kB       1.2 kB
dist/static/js/async/53619.d573b47174.js                               2.5 kB       1.2 kB
dist/static/js/async/10234.59af172d7f.js                               2.5 kB       1.1 kB
dist/static/js/async/29399.0131521349.js                               2.5 kB       1.2 kB
dist/static/js/async/7135.aec312bffb.js                                2.5 kB       1.2 kB
dist/static/js/async/10617.43fbd78917.js                               2.5 kB       1.2 kB
dist/static/js/async/17761.51ae32f17f.js                               2.5 kB       1.2 kB
dist/static/js/async/71088.bfebf574aa.js                               2.5 kB       1.2 kB
dist/static/js/async/54528.528f0a33c5.js                               2.5 kB       1.2 kB
dist/static/js/async/94512.e3fa77b406.js                               2.5 kB       1.2 kB
dist/static/js/async/12843.7cd170ee98.js                               2.5 kB       1.2 kB
dist/static/js/async/96903.b84d63f3cc.js                               2.5 kB       1.2 kB
dist/static/js/async/9415.0431870d87.js                                2.5 kB       1.2 kB
dist/static/js/async/10114.1de97084a4.js                               2.5 kB       1.2 kB
dist/static/js/async/62411.68ae1a8ca5.js                               2.5 kB       1.2 kB
dist/static/js/async/58093.a2504b671d.js                               2.5 kB       1.3 kB
dist/static/js/async/24567.e744e8fad3.js                               2.5 kB       1.2 kB
dist/static/js/async/15085.53e79c8664.js                               2.5 kB       1.2 kB
dist/static/js/async/66437.2b1c80829b.js                               2.5 kB       1.3 kB
dist/static/js/async/70227.ba75173200.js                               2.5 kB       1.2 kB
dist/static/js/async/36571.920326f97f.js                               2.5 kB       1.2 kB
dist/static/js/async/77307.cc921c8ae8.js                               2.5 kB       1.2 kB
dist/static/js/async/84329.cf4095693c.js                               2.5 kB       1.2 kB
dist/static/js/async/24333.0f885b22ba.js                               2.5 kB       1.2 kB
dist/static/js/async/71144.a09139283f.js                               2.5 kB       1.2 kB
dist/static/js/async/44251.9f50f1f69a.js                               2.5 kB       1.2 kB
dist/static/js/async/22239.6cf4029fcd.js                               2.6 kB       1.2 kB
dist/static/js/async/15370.15aa3bc058.js                               2.6 kB       1.3 kB
dist/static/js/async/22298.b8670a074e.js                               2.6 kB       1.2 kB
dist/static/js/async/46146.8d912806d8.js                               2.6 kB       1.3 kB
dist/static/js/async/13137.c8f1fb5ef0.js                               2.6 kB       1.2 kB
dist/static/js/async/47034.3b147b4f71.js                               2.6 kB       1.2 kB
dist/static/js/async/21466.6523b46588.js                               2.6 kB       1.3 kB
dist/static/js/async/40151.85bd9de1dc.js                               2.6 kB       1.3 kB
dist/static/js/async/72561.97f1f008ee.js                               2.6 kB       1.2 kB
dist/static/js/async/99694.00b9b33ffd.js                               2.6 kB       1.2 kB
dist/static/js/async/21029.c4ed51d2be.js                               2.6 kB       1.2 kB
dist/static/js/async/62980.372df4244b.js                               2.6 kB       1.2 kB
dist/static/js/async/43432.a3a96f66b8.js                               2.6 kB       1.3 kB
dist/static/js/async/78551.90faf80799.js                               2.6 kB       1.2 kB
dist/static/js/async/43559.c4bc097293.js                               2.6 kB       1.3 kB
dist/static/js/async/3079.a6586c0abb.js                                2.6 kB       1.3 kB
dist/static/js/async/24801.be581e1293.js                               2.6 kB       1.1 kB
dist/static/js/async/30663.2b2612383d.js                               2.6 kB       1.2 kB
dist/static/js/async/9601.90f30e4cf1.js                                2.6 kB       1.2 kB
dist/static/js/async/77648.9b68747e8a.js                               2.6 kB       1.2 kB
dist/static/js/async/79555.cea6a64323.js                               2.6 kB       1.3 kB
dist/static/js/async/27419.2cd21e425b.js                               2.6 kB       1.2 kB
dist/static/js/async/58624.70d6b7cdb0.js                               2.6 kB       1.2 kB
dist/static/js/async/19619.dc2d53708f.js                               2.6 kB       1.3 kB
dist/static/js/async/98792.03b6ca3733.js                               2.6 kB       1.2 kB
dist/static/js/async/17754.edd8949a48.js                               2.6 kB       1.3 kB
dist/static/js/async/76713.b90c1f6340.js                               2.6 kB       1.3 kB
dist/static/js/async/90964.64f5c0799f.js                               2.6 kB       1.3 kB
dist/static/js/async/42261.a582f08967.js                               2.6 kB       1.2 kB
dist/static/js/async/17119.efca525392.js                               2.6 kB       1.2 kB
dist/static/js/async/17137.8e1708e707.js                               2.6 kB       1.2 kB
dist/static/js/async/96503.95b98598ea.js                               2.6 kB       1.2 kB
dist/static/js/async/39929.1f58fb3911.js                               2.6 kB       1.3 kB
dist/static/js/async/96394.318de0d344.js                               2.6 kB       1.3 kB
dist/static/js/async/65668.2c39368941.js                               2.6 kB       1.2 kB
dist/static/js/async/96547.cb5ccd463f.js                               2.6 kB       1.3 kB
dist/static/js/async/91656.c8b3e10170.js                               2.7 kB       1.2 kB
dist/static/js/async/72236.b33b8cb552.js                               2.7 kB       1.2 kB
dist/static/js/async/35255.09f7ad9e91.js                               2.7 kB       1.3 kB
dist/static/js/async/15131.ede04a3278.js                               2.7 kB       1.3 kB
dist/static/js/async/21510.36097d58be.js                               2.7 kB       1.2 kB
dist/static/js/async/19294.e0f1d185f8.js                               2.7 kB       1.2 kB
dist/static/js/async/95913.ee2c0f3d80.js                               2.7 kB       1.3 kB
dist/static/js/async/87053.ac809cb893.js                               2.7 kB       1.3 kB
dist/static/js/async/46297.9e8b093af1.js                               2.7 kB       1.3 kB
dist/static/js/async/74343.a8386f259b.js                               2.7 kB       1.3 kB
dist/static/js/async/28166.0263b0a73e.js                               2.7 kB       1.3 kB
dist/static/js/async/40226.f9ac5d3d93.js                               2.7 kB       1.2 kB
dist/static/js/async/87247.4b626c467a.js                               2.7 kB       1.3 kB
dist/static/js/async/796.03385881f9.js                                 2.7 kB       1.3 kB
dist/static/js/async/34336.e887250501.js                               2.7 kB       1.3 kB
dist/static/js/async/61174.dd273d6cf2.js                               2.7 kB       1.2 kB
dist/static/js/async/10700.44edb53962.js                               2.7 kB       1.3 kB
dist/static/js/async/44306.d32761b633.js                               2.7 kB       1.3 kB
dist/static/js/async/80076.0d7632d9d4.js                               2.7 kB       1.2 kB
dist/static/js/async/85947.55779aeed6.js                               2.7 kB       1.3 kB
dist/static/js/async/96745.57ca92aeb0.js                               2.7 kB       1.4 kB
dist/static/js/async/78930.13709116ca.js                               2.7 kB       1.3 kB
dist/static/js/async/50865.c913e61ad7.js                               2.7 kB       1.2 kB
dist/static/js/async/61287.7333a003f1.js                               2.7 kB       1.3 kB
dist/static/js/async/10802.0bf0bb4fb8.js                               2.7 kB       1.3 kB
dist/static/js/async/25945.817f145970.js                               2.7 kB       1.3 kB
dist/static/js/async/37822.1feba8b6d1.js                               2.7 kB       1.3 kB
dist/static/js/async/45892.b92bea1517.js                               2.7 kB       1.3 kB
dist/static/js/async/78215.37c4baa948.js                               2.7 kB       1.3 kB
dist/static/js/async/98695.844c3df0a8.js                               2.7 kB       1.4 kB
dist/static/js/async/18317.fff0e04bff.js                               2.7 kB       1.3 kB
dist/static/js/async/30002.647570993c.js                               2.7 kB       1.3 kB
dist/static/js/async/162.4a51149264.js                                 2.7 kB       1.4 kB
dist/static/js/async/24940.f8581ae208.js                               2.7 kB       1.2 kB
dist/static/js/async/96176.a058851c25.js                               2.7 kB       1.3 kB
dist/static/js/async/186.e70b625c1d.js                                 2.7 kB       1.3 kB
dist/static/js/async/32740.eb81136ff2.js                               2.7 kB       1.3 kB
dist/static/js/async/80140.c3bb4940bb.js                               2.7 kB       1.3 kB
dist/static/js/async/82401.e308cccecc.js                               2.7 kB       1.4 kB
dist/static/js/async/78719.03b3f8987c.js                               2.7 kB       1.3 kB
dist/static/js/async/17617.a3175c0ed3.js                               2.7 kB       1.4 kB
dist/static/js/async/26805.171d2ea0ad.js                               2.7 kB       1.3 kB
dist/static/js/async/81909.5d0be14f25.js                               2.7 kB       1.3 kB
dist/static/js/async/70549.6169ac4c38.js                               2.7 kB       1.3 kB
dist/static/js/async/58561.088a36c78f.js                               2.7 kB       1.3 kB
dist/static/js/async/41222.38e11ace53.js                               2.7 kB       1.4 kB
dist/static/js/async/9853.45ed6a03f9.js                                2.8 kB       1.4 kB
dist/static/js/async/70989.0250ec9fda.js                               2.8 kB       1.4 kB
dist/static/js/async/13573.3a919ffec8.js                               2.8 kB       1.4 kB
dist/static/js/async/3484.2cffd339ad.js                                2.8 kB       1.4 kB
dist/static/js/async/17896.dd004578da.js                               2.8 kB       1.4 kB
dist/static/js/async/20476.f3e1510b26.js                               2.8 kB       1.3 kB
dist/static/js/async/19565.f52820e2cd.js                               2.8 kB       1.3 kB
dist/static/js/async/51082.a471d7b7b8.js                               2.8 kB       1.4 kB
dist/static/js/async/35276.ea6f70257f.js                               2.8 kB       1.4 kB
dist/static/js/async/44807.f72b4bb1f6.js                               2.8 kB       1.3 kB
dist/static/js/async/53802.8b65b00136.js                               2.8 kB       1.4 kB
dist/static/js/async/7047.c89a81d649.js                                2.8 kB       1.4 kB
dist/static/js/async/79367.a4047d1319.js                               2.8 kB       1.4 kB
dist/static/js/async/42101.16b22f504b.js                               2.8 kB       1.3 kB
dist/static/js/async/5329.1020cca047.js                                2.8 kB       1.3 kB
dist/static/js/async/11213.f41ae3efc3.js                               2.8 kB       1.2 kB
dist/static/js/async/52535.19f8a5ae8f.js                               2.8 kB       1.3 kB
dist/static/js/async/87596.8cb04b17a7.js                               2.8 kB       1.4 kB
dist/static/js/async/73559.c7073cd4b5.js                               2.8 kB       1.4 kB
dist/static/js/async/25918.8d300e1d27.js                               2.8 kB       1.4 kB
dist/static/js/async/10044.b952d6dc16.js                               2.8 kB       1.3 kB
dist/static/js/async/20660.9ad2023079.js                               2.8 kB       1.4 kB
dist/static/js/async/65880.7ad6aea483.js                               2.8 kB       1.3 kB
dist/static/js/async/17007.24b985f20d.js                               2.8 kB       1.4 kB
dist/static/js/async/89261.ee4d8e81f9.js                               2.8 kB       1.4 kB
dist/static/js/async/65339.4a3d810212.js                               2.8 kB       1.4 kB
dist/static/js/async/61773.0cd42ab60c.js                               2.8 kB       1.4 kB
dist/static/js/async/74467.ffe73b9177.js                               2.8 kB       1.4 kB
dist/static/js/async/90317.253d67b052.js                               2.8 kB       1.4 kB
dist/static/js/async/73903.5b25130dda.js                               2.8 kB       1.3 kB
dist/static/js/async/28084.63f63ac0b9.js                               2.8 kB       1.4 kB
dist/static/js/async/35139.1ba87f8151.js                               2.8 kB       1.4 kB
dist/static/js/async/8279.a20480f461.js                                2.8 kB       1.4 kB
dist/static/js/async/36799.d76caede34.js                               2.8 kB       1.4 kB
dist/static/js/async/46311.03e235bdd9.js                               2.8 kB       1.4 kB
dist/static/js/async/75868.d9d7e30eac.js                               2.8 kB       1.4 kB
dist/static/js/async/83045.5ce2711cd1.js                               2.8 kB       1.4 kB
dist/static/js/async/35566.589a0b70bf.js                               2.8 kB       1.4 kB
dist/static/js/async/44722.1eb9a8ab8d.js                               2.8 kB       1.4 kB
dist/static/js/async/12511.54d2a2f26c.js                               2.8 kB       1.4 kB
dist/static/js/async/77153.27bd1403b6.js                               2.8 kB       1.3 kB
dist/static/js/async/62818.a22e0c66d4.js                               2.8 kB       1.4 kB
dist/static/js/async/80059.d08fcf4f3f.js                               2.8 kB       1.3 kB
dist/static/js/async/8381.ddfe2ab8e2.js                                2.9 kB       1.3 kB
dist/static/js/async/43210.499eec54d8.js                               2.9 kB       1.3 kB
dist/static/js/async/61490.a690dee01c.js                               2.9 kB       1.4 kB
dist/static/js/async/99427.e967be36bb.js                               2.9 kB       1.4 kB
dist/static/js/async/40766.b273925315.js                               2.9 kB       1.4 kB
dist/static/js/async/13448.d6c97d16ae.js                               2.9 kB       1.4 kB
dist/static/js/async/25290.f7de6e0140.js                               2.9 kB       1.4 kB
dist/static/js/async/75071.24dfd88c92.js                               2.9 kB       1.4 kB
dist/static/js/async/77935.475eb9ec9f.js                               2.9 kB       1.4 kB
dist/static/js/async/82118.6a5e3c30af.js                               2.9 kB       1.4 kB
dist/static/js/async/281.0288b3a95e.js                                 2.9 kB       1.4 kB
dist/static/js/async/99385.146c6143ab.js                               2.9 kB       1.3 kB
dist/static/js/async/59481.aa3c9a7e36.js                               2.9 kB       1.4 kB
dist/static/js/async/47299.c7d3b0ff14.js                               2.9 kB       1.4 kB
dist/static/js/async/29522.1b0cc3a565.js                               2.9 kB       1.4 kB
dist/static/js/async/98938.29d7734898.js                               2.9 kB       1.4 kB
dist/static/js/async/76091.04ee9433e7.js                               2.9 kB       1.4 kB
dist/static/js/async/99304.83dee7e5ee.js                               2.9 kB       1.5 kB
dist/static/js/async/70698.68f6d9f4d6.js                               2.9 kB       1.4 kB
dist/static/js/async/45396.7d9bdcbfb2.js                               2.9 kB       1.4 kB
dist/static/js/async/13117.55d1290487.js                               2.9 kB       1.4 kB
dist/static/js/async/93116.343d23089a.js                               2.9 kB       1.4 kB
dist/static/js/async/85834.dff68cae10.js                               2.9 kB       1.4 kB
dist/static/js/async/27537.65cb865166.js                               2.9 kB       1.4 kB
dist/static/js/async/77548.8f93b28931.js                               2.9 kB       1.4 kB
dist/static/js/async/23869.0070b31204.js                               2.9 kB       1.4 kB
dist/static/js/async/94596.198ad3da9e.js                               2.9 kB       1.5 kB
dist/static/js/async/91255.93caee73bf.js                               2.9 kB       1.4 kB
dist/static/js/async/5546.cd27479cf6.js                                2.9 kB       1.4 kB
dist/static/js/async/64883.d259434997.js                               2.9 kB       1.5 kB
dist/static/js/async/42996.35e24b65cb.js                               2.9 kB       1.4 kB
dist/static/js/async/3405.7a1cfb5504.js                                2.9 kB       1.4 kB
dist/static/js/async/35324.d158258bb2.js                               2.9 kB       1.5 kB
dist/static/js/async/24813.518afdbc9f.js                               2.9 kB       1.4 kB
dist/static/js/async/20757.5ee830f061.js                               2.9 kB       1.4 kB
dist/static/js/async/19960.819667cb4a.js                               2.9 kB       1.4 kB
dist/static/js/async/41724.a4490ec220.js                               2.9 kB       1.5 kB
dist/static/js/async/51752.b88cb1d3cf.js                               2.9 kB       1.5 kB
dist/static/js/async/21460.df78ae6417.js                               3.0 kB       1.4 kB
dist/static/js/async/98735.81010b10dd.js                               3.0 kB       1.5 kB
dist/static/js/async/98515.1042da11ca.js                               3.0 kB       1.5 kB
dist/static/js/async/96284.9d23c520b2.js                               3.0 kB       1.5 kB
dist/static/js/async/64745.7a9ff42e3e.js                               3.0 kB       1.3 kB
dist/static/js/async/62954.0a1a2513f5.js                               3.0 kB       1.4 kB
dist/static/js/async/66832.7a72972397.js                               3.0 kB       1.5 kB
dist/static/js/async/98073.8625c2f898.js                               3.0 kB       1.4 kB
dist/static/js/async/87543.26db33595b.js                               3.0 kB       1.5 kB
dist/static/js/async/19983.d487a58dee.js                               3.0 kB       1.5 kB
dist/static/js/async/83095.258172ad3c.js                               3.0 kB       1.5 kB
dist/static/js/async/87137.ebbbf0773e.js                               3.0 kB       1.5 kB
dist/static/js/async/1800.8cec901b04.js                                3.0 kB       1.5 kB
dist/static/js/async/6503.8dbba2965f.js                                3.0 kB       1.5 kB
dist/static/js/async/82594.28288afde1.js                               3.0 kB       1.5 kB
dist/static/js/async/41994.3ffc9f1b0d.js                               3.0 kB       1.3 kB
dist/static/js/async/68391.984a65899b.js                               3.0 kB       1.5 kB
dist/static/js/async/47966.5e5ae4d340.js                               3.0 kB       1.5 kB
dist/static/js/async/15676.e709b55f8a.js                               3.0 kB       1.1 kB
dist/static/js/async/56877.f8abf55998.js                               3.0 kB       1.5 kB
dist/static/js/async/26078.e79416a509.js                               3.0 kB       1.5 kB
dist/static/js/async/54247.5a840e101d.js                               3.0 kB       1.4 kB
dist/static/js/async/89120.e408d6c3d7.js                               3.0 kB       1.5 kB
dist/static/js/async/27595.8ecbdaa7ff.js                               3.0 kB       1.5 kB
dist/static/js/async/77133.e2dab9d299.js                               3.0 kB       1.5 kB
dist/static/js/async/28011.5e3bc5465f.js                               3.0 kB       1.5 kB
dist/static/js/async/13112.ffe4e61405.js                               3.0 kB       1.5 kB
dist/static/js/async/91100.6ad27b2f70.js                               3.0 kB       1.5 kB
dist/static/js/async/40778.47023b7a9c.js                               3.1 kB       1.5 kB
dist/static/js/async/56821.97e5e2b7fb.js                               3.1 kB       1.5 kB
dist/static/js/async/63163.541b2bb091.js                               3.1 kB       1.5 kB
dist/static/js/async/34779.2efa07fdae.js                               3.1 kB       1.5 kB
dist/static/js/async/67482.2fc1ea115d.js                               3.1 kB       1.6 kB
dist/static/js/async/56765.4167bdaf10.js                               3.1 kB       1.4 kB
dist/static/js/async/12677.3d5399a5e8.js                               3.1 kB       1.6 kB
dist/static/js/async/92413.534bb1a4f9.js                               3.1 kB       1.6 kB
dist/static/js/async/44524.d1b1088198.js                               3.1 kB       1.5 kB
dist/static/js/async/61582.12e795ea60.js                               3.1 kB       1.5 kB
dist/static/js/async/92244.34581c8bc7.js                               3.1 kB       1.4 kB
dist/static/js/async/90672.da131e34c4.js                               3.1 kB       1.5 kB
dist/static/js/async/97426.b7f6608995.js                               3.1 kB       1.5 kB
dist/static/js/async/51823.3a1a3420f4.js                               3.1 kB       1.6 kB
dist/static/js/async/14309.98a50b763b.js                               3.1 kB       1.4 kB
dist/static/js/async/16740.546c5d99c2.js                               3.1 kB       1.5 kB
dist/static/js/async/27308.b9210f702c.js                               3.1 kB       1.6 kB
dist/static/js/async/1305.ef6d0fc804.js                                3.1 kB       1.5 kB
dist/static/js/async/18548.f42c26745b.js                               3.1 kB       1.4 kB
dist/static/js/async/48480.d1fe8f6c27.js                               3.1 kB       1.4 kB
dist/static/js/async/7360.1a615f0357.js                                3.1 kB       1.5 kB
dist/static/js/async/81656.ec2f862fcb.js                               3.1 kB       1.5 kB
dist/static/js/async/97898.2b06e26fa1.js                               3.1 kB       1.6 kB
dist/static/js/async/43264.17fbefb32b.js                               3.1 kB       1.6 kB
dist/static/js/async/58554.a0cd449982.js                               3.1 kB       1.6 kB
dist/static/js/async/16375.5136daa76d.js                               3.1 kB       1.6 kB
dist/static/js/async/53494.9e12014631.js                               3.1 kB       1.5 kB
dist/static/js/async/58285.ce0eefb796.js                               3.1 kB       1.5 kB
dist/static/js/async/62175.f33f29bae8.js                               3.2 kB       1.5 kB
dist/static/js/async/95696.7b16f3f27f.js                               3.2 kB       1.5 kB
dist/static/js/async/88261.089ba54d07.js                               3.2 kB       1.4 kB
dist/static/js/async/46904.519d67fa93.js                               3.2 kB       1.6 kB
dist/static/js/async/97627.d77fe265cb.js                               3.2 kB       1.6 kB
dist/static/js/async/80199.e67e970d3d.js                               3.2 kB       1.6 kB
dist/static/js/async/52077.fbd6302e0b.js                               3.2 kB       1.5 kB
dist/static/js/async/97914.d868490a41.js                               3.2 kB       1.4 kB
dist/static/js/async/2414.0c52ca185f.js                                3.2 kB       1.0 kB
dist/static/js/async/63749.ed32b44226.js                               3.2 kB       1.4 kB
dist/static/js/async/38743.e42e1833c4.js                               3.2 kB       1.6 kB
dist/static/js/async/1218.284c086655.js                                3.2 kB       1.5 kB
dist/static/js/async/68886.d379535eef.js                               3.2 kB       1.6 kB
dist/static/js/async/33582.b3d85570e6.js                               3.2 kB       1.6 kB
dist/static/js/async/71216.3cc69d1ea6.js                               3.2 kB       1.6 kB
dist/static/js/async/55476.9a4857add6.js                               3.2 kB       1.5 kB
dist/static/js/async/28995.e855c7a026.js                               3.2 kB       1.6 kB
dist/static/js/async/45576.0b2364d858.js                               3.2 kB       1.6 kB
dist/static/js/async/40191.e6f397136e.js                               3.2 kB       1.6 kB
dist/static/js/async/65991.2bcda8406e.js                               3.2 kB       1.6 kB
dist/static/js/async/47151.a6f83da672.js                               3.2 kB       1.6 kB
dist/static/js/async/60731.a30b930eea.js                               3.2 kB       1.6 kB
dist/static/js/async/29744.39b04b8408.js                               3.2 kB       1.7 kB
dist/static/js/async/45990.69c2c1cc62.js                               3.2 kB       1.5 kB
dist/static/js/async/1306.079a8b0808.js                                3.2 kB       1.6 kB
dist/static/js/async/84813.db78ed193e.js                               3.3 kB       1.7 kB
dist/static/js/async/20808.79106d1a2c.js                               3.3 kB       1.6 kB
dist/static/js/async/27923.e837c15645.js                               3.3 kB       1.6 kB
dist/static/js/async/96.888d55f122.js                                  3.3 kB       1.6 kB
dist/static/js/async/16699.682feebe18.js                               3.3 kB       1.5 kB
dist/static/js/async/18162.c1d3e60303.js                               3.3 kB       1.6 kB
dist/static/js/async/7729.cc685424fc.js                                3.3 kB       1.5 kB
dist/static/js/async/54083.da2dd7be0b.js                               3.3 kB       1.7 kB
dist/static/js/async/89392.aef7cddc8d.js                               3.3 kB       1.5 kB
dist/static/js/async/27157.fd65a174b6.js                               3.3 kB       1.6 kB
dist/static/js/async/6354.b60027c67a.js                                3.3 kB       1.7 kB
dist/static/js/async/22841.ccec124aed.js                               3.3 kB       1.7 kB
dist/static/js/async/34514.31d64d1081.js                               3.3 kB       1.3 kB
dist/static/js/async/35748.14e4d85c29.js                               3.3 kB       1.7 kB
dist/static/js/async/81988.5e67184369.js                               3.3 kB       1.6 kB
dist/static/js/async/80714.71e4c883d4.js                               3.3 kB       1.6 kB
dist/static/js/async/97710.ce19d086d5.js                               3.3 kB       1.7 kB
dist/static/js/async/64461.ebfedf0670.js                               3.3 kB       1.7 kB
dist/static/js/async/15988.842ccef611.js                               3.3 kB       1.6 kB
dist/static/js/async/1929.692827cc27.js                                3.3 kB       1.6 kB
dist/static/js/async/3599.c4cd10a762.js                                3.3 kB       1.5 kB
dist/static/js/async/79416.6ea8e84bae.js                               3.3 kB       1.6 kB
dist/static/js/async/57837.b79a0c05cd.js                               3.4 kB       1.7 kB
dist/static/js/async/90837.011e6afa51.js                               3.4 kB       1.6 kB
dist/static/js/async/34996.4b503b1992.js                               3.4 kB       1.6 kB
dist/static/js/async/65091.d9f640e1d4.js                               3.4 kB       1.6 kB
dist/static/js/async/38516.1bab0f6d81.js                               3.4 kB       1.7 kB
dist/static/js/async/14658.8c62f3f41b.js                               3.4 kB       1.7 kB
dist/static/js/async/44656.1d73dc7d0d.js                               3.4 kB       1.7 kB
dist/static/js/async/11275.4fd3104cbf.js                               3.4 kB       1.7 kB
dist/static/js/async/74324.fd35a60f82.js                               3.4 kB       1.7 kB
dist/static/js/async/41220.62fdcbee4c.js                               3.4 kB       1.5 kB
dist/static/js/async/77382.49e5a77215.js                               3.4 kB       1.6 kB
dist/static/js/async/90513.7f7d3f1fe6.js                               3.4 kB       1.7 kB
dist/static/js/async/9689.a1f30260c6.js                                3.4 kB       1.7 kB
dist/static/js/async/72774.f0d2759266.js                               3.4 kB       1.7 kB
dist/static/js/async/4897.010a791c3a.js                                3.4 kB       1.7 kB
dist/static/js/async/34889.357d0b1663.js                               3.4 kB       1.6 kB
dist/static/js/async/57544.0d2cd70f56.js                               3.4 kB       1.7 kB
dist/static/js/async/52285.e35c8fac02.js                               3.4 kB       1.7 kB
dist/static/js/async/26658.7fe6bcc275.js                               3.4 kB       1.6 kB
dist/static/js/async/30366.b23b1b688c.js                               3.4 kB       1.6 kB
dist/static/js/async/11801.58646b3feb.js                               3.4 kB       1.6 kB
dist/static/js/async/14297.6781c3064a.js                               3.4 kB       1.5 kB
dist/static/js/async/40681.fe9052d22c.js                               3.4 kB       1.5 kB
dist/static/js/async/20328.395871cdc4.js                               3.4 kB       1.7 kB
dist/static/js/async/80726.24d909c689.js                               3.4 kB       1.6 kB
dist/static/js/async/47844.7bccaef7f5.js                               3.5 kB       1.6 kB
dist/static/js/async/7578.f426b1db6d.js                                3.5 kB       1.5 kB
dist/static/js/async/99641.7569c7ee40.js                               3.5 kB       1.5 kB
dist/static/js/async/22284.d8b9e23bb2.js                               3.5 kB       1.6 kB
dist/static/js/async/69628.81cf51419c.js                               3.5 kB       1.6 kB
dist/static/js/async/5434.f10d2d00b1.js                                3.5 kB       1.6 kB
dist/static/js/async/45689.65f92bcdf0.js                               3.5 kB       1.7 kB
dist/static/js/async/19447.a152515855.js                               3.5 kB       1.8 kB
dist/static/js/async/7272.cdf26deb55.js                                3.5 kB       1.7 kB
dist/static/js/async/32430.87792e1cba.js                               3.5 kB       1.8 kB
dist/static/js/async/11064.e34ede8585.js                               3.5 kB       1.6 kB
dist/static/js/async/30332.7390fad50a.js                               3.5 kB       1.8 kB
dist/static/js/async/39583.fb9a58c5c4.js                               3.5 kB       1.7 kB
dist/static/js/async/59595.dfdf51823b.js                               3.5 kB       1.7 kB
dist/static/js/async/69672.39324b61ef.js                               3.5 kB       1.7 kB
dist/static/js/async/31674.66acf6ef23.js                               3.5 kB       1.7 kB
dist/static/js/async/64334.306b7207e6.js                               3.5 kB       1.8 kB
dist/static/js/async/20465.42f27ee474.js                               3.5 kB       1.7 kB
dist/static/js/async/57743.aeca6db4e1.js                               3.5 kB       1.7 kB
dist/static/js/async/3965.9b20c34714.js                                3.5 kB       1.6 kB
dist/static/js/async/60336.850f89be88.js                               3.5 kB       1.8 kB
dist/static/js/async/44000.7ea546dc11.js                               3.5 kB       1.6 kB
dist/static/js/async/57896.dfacfc91cc.js                               3.6 kB       1.8 kB
dist/static/js/async/30558.3cec00eb8e.js                               3.6 kB       1.7 kB
dist/static/js/async/23116.3a6c571e4b.js                               3.6 kB       1.7 kB
dist/static/js/async/88263.580d54dcbe.js                               3.6 kB       1.6 kB
dist/static/js/async/78821.c683a61b58.js                               3.6 kB       1.7 kB
dist/static/js/async/7974.050d4cf191.js                                3.6 kB       1.6 kB
dist/static/js/async/69024.1cbbe667c6.js                               3.6 kB       1.8 kB
dist/static/js/async/96448.805f3da02b.js                               3.6 kB       1.7 kB
dist/static/js/async/95353.2bb444942e.js                               3.6 kB       1.5 kB
dist/static/js/async/37321.1fa5c7fce0.js                               3.6 kB       1.5 kB
dist/static/js/async/502.f40333a5e9.js                                 3.6 kB       1.8 kB
dist/static/js/async/24493.07455fa810.js                               3.6 kB       1.8 kB
dist/static/js/async/6097.5ae5a1ce3e.js                                3.6 kB       1.7 kB
dist/static/js/async/5825.3813e9cecf.js                                3.6 kB       1.7 kB
dist/static/js/async/72436.1705f7d75e.js                               3.6 kB       1.8 kB
dist/static/js/async/78597.c35694b97a.js                               3.6 kB       1.8 kB
dist/static/js/async/30552.a6d2f113b8.js                               3.6 kB       1.7 kB
dist/static/js/async/37519.f38147ba82.js                               3.6 kB       1.7 kB
dist/static/js/async/13437.0311951f24.js                               3.7 kB       1.6 kB
dist/static/js/async/68499.6490205104.js                               3.7 kB       1.7 kB
dist/static/js/async/19818.fe10614196.js                               3.7 kB       1.7 kB
dist/static/js/async/23394.42905c8898.js                               3.7 kB       1.9 kB
dist/static/js/async/94297.ced2e5e86b.js                               3.7 kB       1.8 kB
dist/static/js/async/59500.99639db0e3.js                               3.7 kB       1.8 kB
dist/static/js/async/14149.c5e350b888.js                               3.7 kB       1.9 kB
dist/static/js/async/50370.7e2b435b3c.js                               3.7 kB       1.7 kB
dist/static/js/async/98839.ccb02774ca.js                               3.7 kB       1.6 kB
dist/static/js/async/40219.7fd3378d02.js                               3.7 kB       1.8 kB
dist/static/js/async/14526.8176a53f7f.js                               3.7 kB       1.8 kB
dist/static/js/async/31023.1bc3f64d25.js                               3.7 kB       1.9 kB
dist/static/js/async/89450.5ec3a44644.js                               3.7 kB       1.8 kB
dist/static/js/async/33043.2127a5721e.js                               3.7 kB       1.8 kB
dist/static/js/async/45599.0e4822bf7d.js                               3.7 kB       1.9 kB
dist/static/js/async/73833.1e88bad653.js                               3.7 kB       1.7 kB
dist/static/js/async/6423.3bc52666f9.js                                3.7 kB       1.8 kB
dist/static/js/async/90415.53447af188.js                               3.7 kB       1.7 kB
dist/static/js/async/92255.8463ea9c25.js                               3.8 kB       1.9 kB
dist/static/js/async/35864.80b6ad1ebb.js                               3.8 kB       1.8 kB
dist/static/js/async/24237.53d8b86c36.js                               3.8 kB       1.8 kB
dist/static/js/async/79421.13bd58416c.js                               3.8 kB       1.5 kB
dist/static/js/async/40406.dfb7d1a49c.js                               3.8 kB       1.8 kB
dist/static/js/async/94427.bb2edc0020.js                               3.8 kB       1.8 kB
dist/static/js/async/63446.48085b77e4.js                               3.8 kB       1.9 kB
dist/static/js/async/41975.3ee9dd6282.js                               3.8 kB       1.8 kB
dist/static/js/async/31343.f28d96d0d5.js                               3.8 kB       1.9 kB
dist/static/js/async/17215.e8bdf51e1e.js                               3.8 kB       1.8 kB
dist/static/js/async/66439.6afe22094c.js                               3.8 kB       1.9 kB
dist/static/js/async/27318.7a3c6ca2b6.js                               3.8 kB       2.0 kB
dist/static/js/async/96075.c89d6611d9.js                               3.8 kB       1.7 kB
dist/static/js/async/84730.53b4e7dbe6.js                               3.8 kB       1.9 kB
dist/static/js/async/99495.d71db498c3.js                               3.8 kB       1.9 kB
dist/static/js/async/43508.6a0f4af4a2.js                               3.8 kB       1.7 kB
dist/static/js/async/70796.ae8f05f46e.js                               3.8 kB       1.9 kB
dist/static/js/async/46700.38b55fa247.js                               3.8 kB       1.9 kB
dist/static/js/async/11664.580e9b0a1d.js                               3.8 kB       1.9 kB
dist/static/js/async/88171.0c5dada471.js                               3.8 kB       1.7 kB
dist/static/js/async/86792.c9f077276a.js                               3.8 kB       1.9 kB
dist/static/js/async/1178.0d5abbcdd8.js                                3.8 kB       1.4 kB
dist/static/js/async/32649.9c2f202983.js                               3.8 kB       1.9 kB
dist/static/js/async/28241.9d64ecde85.js                               3.8 kB       1.9 kB
dist/static/js/async/87045.03217e0934.js                               3.8 kB       1.9 kB
dist/static/js/async/97925.cc7c0a3cdd.js                               3.9 kB       1.8 kB
dist/static/js/async/73564.fe2c52699e.js                               3.9 kB       1.9 kB
dist/static/js/async/93325.2efd4c5206.js                               3.9 kB       1.9 kB
dist/static/js/async/6017.9ed2f568eb.js                                3.9 kB       1.7 kB
dist/static/js/async/43616.1d255762b3.js                               3.9 kB       1.8 kB
dist/static/js/async/77430.34fbbf6de1.js                               3.9 kB       1.9 kB
dist/static/js/async/59634.a25cd3740b.js                               3.9 kB       1.9 kB
dist/static/js/async/1153.f6cdf379c1.js                                3.9 kB       2.0 kB
dist/static/js/async/26929.132e22d33e.js                               3.9 kB       2.0 kB
dist/static/js/async/45622.b489fe603f.js                               3.9 kB       1.9 kB
dist/static/js/async/34156.6520287e5e.js                               3.9 kB       1.9 kB
dist/static/js/async/8955.294375e898.js                                3.9 kB       2.0 kB
dist/static/js/async/10614.6d60a24e2a.js                               3.9 kB       2.0 kB
dist/static/js/async/85510.2bf2a77442.js                               3.9 kB       1.9 kB
dist/static/js/async/5814.4945939b8b.js                                4.0 kB       2.0 kB
dist/static/js/async/36939.dc13caab3b.js                               4.0 kB       1.9 kB
dist/static/js/async/15742.3c6790e93d.js                               4.0 kB       1.9 kB
dist/static/js/async/39276.3896147aae.js                               4.0 kB       1.7 kB
dist/static/js/async/2717.8cc857a831.js                                4.0 kB       1.8 kB
dist/static/js/async/94084.ca696f5e62.js                               4.0 kB       2.0 kB
dist/static/js/async/71907.726ccc15a3.js                               4.0 kB       2.0 kB
dist/static/js/async/10542.a707b26088.js                               4.0 kB       2.0 kB
dist/static/js/async/42662.e1d56dc001.js                               4.0 kB       2.0 kB
dist/static/js/async/91941.20e7393c89.js                               4.0 kB       1.9 kB
dist/static/js/async/55690.1b6cc7ec00.js                               4.0 kB       1.9 kB
dist/static/js/async/42264.a859cd1c52.js                               4.0 kB       1.9 kB
dist/static/js/async/24983.017cf4cd30.js                               4.0 kB       1.9 kB
dist/static/js/async/88948.a639b51d4a.js                               4.1 kB       1.8 kB
dist/static/js/async/6723.dd814d3362.js                                4.1 kB       2.0 kB
dist/static/js/async/69074.463b2f6e0a.js                               4.1 kB       1.8 kB
dist/static/js/async/66596.cb664381be.js                               4.1 kB       2.0 kB
dist/static/js/async/41898.513fbc4ca8.js                               4.1 kB       2.0 kB
dist/static/js/async/30801.f0fd81ab96.js                               4.1 kB       1.9 kB
dist/static/js/async/22613.ff808268df.js                               4.1 kB       2.1 kB
dist/static/js/async/62621.68ef140574.js                               4.1 kB       2.1 kB
dist/static/js/async/16677.b674770bb3.js                               4.1 kB       2.1 kB
dist/static/js/async/82497.40a678468e.js                               4.1 kB       2.1 kB
dist/static/js/async/344.ff037c1be5.js                                 4.1 kB       1.8 kB
dist/static/js/async/75593.33b4a6c9a8.js                               4.1 kB       1.5 kB
dist/static/js/async/89779.8d2a37be80.js                               4.1 kB       1.9 kB
dist/static/js/async/19425.dc18c1ee7f.js                               4.1 kB       2.0 kB
dist/static/js/async/43010.e09bc239a1.js                               4.1 kB       1.9 kB
dist/static/js/async/59794.f72ae0c8e7.js                               4.1 kB       1.6 kB
dist/static/js/async/10990.d5728f843a.js                               4.1 kB       1.8 kB
dist/static/js/async/3975.6ab663638a.js                                4.1 kB       1.9 kB
dist/static/js/async/40599.f842488cd6.js                               4.1 kB       1.9 kB
dist/static/js/async/86495.cb918551db.js                               4.2 kB       2.0 kB
dist/static/js/async/9169.0f02e2a450.js                                4.2 kB       2.1 kB
dist/static/js/async/39111.4f2b889828.js                               4.2 kB       2.0 kB
dist/static/js/async/76080.09442f627a.js                               4.2 kB       1.7 kB
dist/static/js/async/77796.4a967081b0.js                               4.2 kB       2.1 kB
dist/static/js/async/30097.d9a6a0552f.js                               4.2 kB       2.0 kB
dist/static/js/async/47814.cd3fefc7b2.js                               4.2 kB       2.1 kB
dist/static/js/async/52327.996c033e83.js                               4.2 kB       2.1 kB
dist/static/js/async/70684.c10aec8bee.js                               4.2 kB       2.0 kB
dist/static/js/async/17147.393416a513.js                               4.2 kB       1.9 kB
dist/static/js/async/68077.9b652e0056.js                               4.2 kB       2.1 kB
dist/static/js/async/83161.588b423f70.js                               4.2 kB       1.6 kB
dist/static/js/async/98679.f33746269e.js                               4.2 kB       2.1 kB
dist/static/js/async/22482.0f5d3a70f4.js                               4.2 kB       2.0 kB
dist/static/js/async/62708.2b85145f7e.js                               4.2 kB       2.0 kB
dist/static/js/async/89908.937beca058.js                               4.2 kB       1.6 kB
dist/static/js/async/63559.c3b3d07a83.js                               4.2 kB       1.8 kB
dist/static/js/async/14249.99a9d1ef35.js                               4.3 kB       2.2 kB
dist/static/js/async/6215.d15b28dfe5.js                                4.3 kB       1.8 kB
dist/static/js/async/61906.491801d083.js                               4.3 kB       1.9 kB
dist/static/js/async/19802.7db91621a2.js                               4.3 kB       2.0 kB
dist/static/js/async/36217.b882b21c61.js                               4.3 kB       1.9 kB
dist/static/js/async/20780.8fc2da617b.js                               4.3 kB       2.0 kB
dist/static/image/wan.b17e5bf065.png                                   4.3 kB    
dist/static/js/async/53317.b5b05e8a60.js                               4.3 kB       2.0 kB
dist/static/js/async/84110.e8afe159e2.js                               4.3 kB       2.2 kB
dist/static/js/async/87853.3eec79aa73.js                               4.3 kB       2.0 kB
dist/static/js/async/63821.5907a34fab.js                               4.3 kB       2.0 kB
dist/static/js/async/33334.86155eec9e.js                               4.3 kB       2.1 kB
dist/static/js/async/57283.a9296197bb.js                               4.3 kB       2.0 kB
dist/static/js/async/43362.602157738b.js                               4.3 kB       2.1 kB
dist/static/js/async/99654.71e45039fb.js                               4.3 kB       2.0 kB
dist/static/js/async/61473.41d8c7265b.js                               4.3 kB       2.1 kB
dist/static/js/async/62379.19441a9ddc.js                               4.3 kB       2.1 kB
dist/static/js/async/59225.e85bb7ca45.js                               4.3 kB       2.0 kB
dist/static/js/async/39301.375872fc14.js                               4.3 kB       2.0 kB
dist/static/js/async/46349.fdb08d85c8.js                               4.4 kB       2.1 kB
dist/static/js/async/14332.c7b1510627.js                               4.4 kB       2.2 kB
dist/static/js/async/67278.63d62e5dbd.js                               4.4 kB       2.1 kB
dist/static/js/async/9170.f3044437b3.js                                4.4 kB       2.0 kB
dist/static/js/async/42769.90adbb0fb0.js                               4.4 kB       2.2 kB
dist/static/js/async/14105.29ddd69bb0.js                               4.4 kB       2.1 kB
dist/static/js/async/37396.97a6a4e830.js                               4.4 kB       2.0 kB
dist/static/js/async/70124.909b18ead1.js                               4.4 kB       2.1 kB
dist/static/js/async/42956.a54cd98d6f.js                               4.4 kB       2.2 kB
dist/static/js/async/56219.2c058fd7a3.js                               4.4 kB       2.2 kB
dist/static/js/async/94329.6b29cd6695.js                               4.4 kB       2.0 kB
dist/static/js/async/30249.49ca2f12eb.js                               4.4 kB       2.2 kB
dist/static/js/async/56362.c61c927f2d.js                               4.4 kB       1.9 kB
dist/static/js/async/71673.cc93bf791b.js                               4.4 kB       2.0 kB
dist/static/font/KaTeX_Size3-Regular.9acaf01c64.woff                   4.4 kB    
dist/static/js/async/39860.cd97b1d266.js                               4.4 kB       2.2 kB
dist/static/js/async/18567.766dc61e07.js                               4.4 kB       2.3 kB
dist/static/js/async/64340.13f70f05b6.js                               4.4 kB       2.1 kB
dist/static/js/async/11534.75d4b037d6.js                               4.4 kB       2.1 kB
dist/static/js/async/89547.c948efe9cb.js                               4.4 kB       2.2 kB
dist/static/js/async/2557.00912dd7a7.js                                4.5 kB       2.2 kB
dist/static/js/async/77255.8ff2bf2f3e.js                               4.5 kB       2.0 kB
dist/static/js/async/54340.ed6fb5b525.js                               4.5 kB       2.2 kB
dist/static/js/async/471.795f8f04ab.js                                 4.5 kB       2.0 kB
dist/static/js/async/82133.0598315e60.js                               4.5 kB       2.1 kB
dist/static/js/async/33011.e2b93a6a81.js                               4.5 kB       2.1 kB
dist/static/js/async/203.7bfa8bee0e.js                                 4.5 kB       2.3 kB
dist/static/js/async/60371.b01117d59d.js                               4.5 kB       2.1 kB
dist/static/js/async/71475.4d618c9064.js                               4.5 kB       2.2 kB
dist/static/js/async/2795.71417747dc.js                                4.5 kB       2.1 kB
dist/static/js/async/74670.67736e0f72.js                               4.5 kB       2.2 kB
dist/static/js/async/77230.52cab8e041.js                               4.5 kB       2.1 kB
dist/static/js/async/89000.8aa521b156.js                               4.5 kB       2.1 kB
dist/static/js/async/41204.97bf597448.js                               4.5 kB       2.2 kB
dist/static/js/async/19605.bb18594869.js                               4.5 kB       2.3 kB
dist/static/js/async/18392.c43aafa29b.js                               4.5 kB       2.3 kB
dist/static/js/async/65893.eb3b8723c0.js                               4.5 kB       2.2 kB
dist/static/js/async/2116.e40546b6f5.js                                4.5 kB       2.2 kB
dist/static/js/async/68710.71119fdae9.js                               4.5 kB       2.2 kB
dist/static/js/async/97720.d94aa0ecff.js                               4.6 kB       2.2 kB
dist/static/js/async/41826.e4b2e7cf99.js                               4.6 kB       2.3 kB
dist/static/js/async/85053.b160c46fea.js                               4.6 kB       2.1 kB
dist/static/js/async/99116.61ebddb25f.js                               4.6 kB       2.1 kB
dist/static/js/async/51951.a905962a72.js                               4.6 kB       2.3 kB
dist/static/js/async/86276.1d0a13564c.js                               4.6 kB       2.0 kB
dist/static/js/async/53452.3b3aaa5070.js                               4.6 kB       2.2 kB
dist/static/js/async/19817.1f7a618693.js                               4.6 kB       1.6 kB
dist/static/js/async/29406.c606ca0a6f.js                               4.6 kB       2.0 kB
dist/static/js/async/78949.c301013b61.js                               4.6 kB       2.2 kB
dist/static/js/async/62043.d2ec4d89df.js                               4.6 kB       2.3 kB
dist/static/js/async/26057.89caba3d03.js                               4.6 kB       2.1 kB
dist/static/js/async/79694.130bfb3b31.js                               4.6 kB       2.3 kB
dist/static/js/async/11591.ff14f5f561.js                               4.6 kB       2.2 kB
dist/static/js/async/16373.56fcb296cb.js                               4.7 kB       2.0 kB
dist/static/js/async/17841.84cea21629.js                               4.7 kB       2.3 kB
dist/static/js/async/12942.90f70fb1a6.js                               4.7 kB       2.2 kB
dist/static/js/async/72994.c10432d4bf.js                               4.7 kB       2.0 kB
dist/static/js/async/69998.d0e9dfa17d.js                               4.7 kB       2.0 kB
dist/static/js/async/94193.d98339808d.js                               4.7 kB       2.1 kB
dist/static/js/async/10605.2b8bb467c8.js                               4.7 kB       2.2 kB
dist/static/js/async/80688.47a7584152.js                               4.7 kB       2.3 kB
dist/static/js/async/10910.7790338feb.js                               4.7 kB       2.2 kB
dist/static/js/async/38485.537a3f168c.js                               4.7 kB       2.0 kB
dist/static/js/async/92200.3edf4dd896.js                               4.7 kB       2.2 kB
dist/static/js/async/11450.da54e8965c.js                               4.7 kB       2.3 kB
dist/static/js/async/34803.91fac06788.js                               4.7 kB       2.1 kB
dist/static/js/async/74654.bcf06724aa.js                               4.7 kB       2.1 kB
dist/static/js/async/6801.69567f9f48.js                                4.7 kB       2.1 kB
dist/static/js/async/44655.784964161e.js                               4.7 kB       2.2 kB
dist/static/js/async/12706.59409455e1.js                               4.7 kB       2.3 kB
dist/static/js/async/59937.b048df24c4.js                               4.7 kB       2.3 kB
dist/static/js/async/49326.237d05e9e7.js                               4.8 kB       2.3 kB
dist/static/js/async/98955.98c4980215.js                               4.8 kB       2.1 kB
dist/static/js/async/91047.58fb52ead4.js                               4.8 kB       2.4 kB
dist/static/js/async/9479.009dcc9ba2.js                                4.8 kB       2.1 kB
dist/static/js/async/51947.784e50cf8d.js                               4.8 kB       2.4 kB
dist/static/js/async/95426.ca8f352e24.js                               4.8 kB       2.4 kB
dist/static/js/async/56476.8592791724.js                               4.8 kB       2.1 kB
dist/static/js/async/48721.b49a00ff93.js                               4.8 kB       2.3 kB
dist/static/js/async/40521.d742054ac0.js                               4.8 kB       2.4 kB
dist/static/js/async/56896.eb1a165916.js                               4.8 kB       2.4 kB
dist/static/js/async/16297.7e9911eec6.js                               4.8 kB       2.2 kB
dist/static/js/async/85633.c38a89f453.js                               4.8 kB       2.3 kB
dist/static/js/async/92795.a27de755bf.js                               4.8 kB       2.0 kB
dist/static/js/async/82208.351c0bac8f.js                               4.8 kB       2.2 kB
dist/static/js/async/31930.3215ea126b.js                               4.8 kB       2.2 kB
dist/static/js/async/94629.ffd08f40a5.js                               4.9 kB       2.4 kB
dist/static/js/async/9365.58d910d08b.js                                4.9 kB       2.4 kB
dist/static/js/async/55621.bd1ab6ea10.js                               4.9 kB       2.3 kB
dist/static/js/async/87991.fcc0d969e9.js                               4.9 kB       2.2 kB
dist/static/js/async/6983.1b59dd56f1.js                                4.9 kB       2.2 kB
dist/static/js/async/29901.ee43214a89.js                               4.9 kB       2.4 kB
dist/static/js/async/21715.baeddd2244.js                               4.9 kB       2.3 kB
dist/static/js/async/294.34edea289d.js                                 4.9 kB       2.2 kB
dist/static/js/async/91955.e0bbd6807d.js                               4.9 kB       2.3 kB
dist/static/font/KaTeX_Size4-Regular.10d95fd3a2.woff2                  4.9 kB    
dist/static/js/async/41733.41531f5d5c.js                               4.9 kB       2.3 kB
dist/static/js/async/60041.e21bee7dd1.js                               4.9 kB       2.2 kB
dist/static/js/async/37447.fc2d487cff.js                               5.0 kB       2.3 kB
dist/static/js/async/29340.33c7fcb105.js                               5.0 kB       2.4 kB
dist/static/js/async/9352.d8ab93ffe1.js                                5.0 kB       2.4 kB
dist/static/js/async/13602.92212fad05.js                               5.0 kB       1.9 kB
dist/static/js/async/4487.1fcd1534d7.js                                5.0 kB       2.2 kB
dist/static/js/async/57705.ae494fce9e.js                               5.0 kB       2.5 kB
dist/static/js/async/2444.5249a285e3.js                                5.0 kB       2.4 kB
dist/static/js/async/30491.5822bab7a8.js                               5.0 kB       2.5 kB
dist/static/js/async/32743.75c2b85688.js                               5.1 kB       2.5 kB
dist/static/js/async/28376.564596ac9b.js                               5.1 kB       2.4 kB
dist/static/js/async/62042.09a335b211.js                               5.1 kB       2.4 kB
dist/static/js/async/97108.83f859739e.js                               5.1 kB       2.4 kB
dist/static/js/async/22044.a4d22b4572.js                               5.1 kB       2.5 kB
dist/static/js/async/25884.f592fcc135.js                               5.1 kB       2.2 kB
dist/static/js/async/30623.53a1dd8272.js                               5.1 kB       2.3 kB
dist/static/js/async/42097.6215e3111a.js                               5.1 kB       2.1 kB
dist/static/js/async/14121.a7fd21042b.js                               5.1 kB       2.5 kB
dist/static/js/async/69932.bb4a002d82.js                               5.1 kB       2.5 kB
dist/static/js/async/78585.e8e1757a44.js                               5.1 kB       2.6 kB
dist/static/js/async/80294.57770ee8a3.js                               5.1 kB       2.6 kB
dist/static/js/async/21437.a6ed2ffd20.js                               5.2 kB       2.2 kB
dist/static/js/async/13549.e71ac1e9da.js                               5.2 kB       2.1 kB
dist/static/js/async/61742.239649abdc.js                               5.2 kB       2.6 kB
dist/static/js/async/8037.74064b9d2e.js                                5.2 kB       2.0 kB
dist/static/font/KaTeX_Size2-Regular.5916a24fa3.woff2                  5.2 kB    
dist/static/js/async/8547.80b50ee87d.js                                5.2 kB       2.6 kB
dist/static/js/async/3400.39545f0284.js                                5.2 kB       2.4 kB
dist/static/js/async/20038.fdbe189f84.js                               5.2 kB       2.5 kB
dist/static/js/async/81275.c79d7a187f.js                               5.2 kB       2.5 kB
dist/static/js/async/12643.91b6d14a0f.js                               5.2 kB       2.4 kB
dist/static/js/async/95406.f0956f21c8.js                               5.2 kB       2.3 kB
dist/static/js/async/67205.dc03dab733.js                               5.2 kB       2.0 kB
dist/static/js/async/15073.c409def9f6.js                               5.2 kB       2.6 kB
dist/static/js/async/96922.65e2fbec75.js                               5.3 kB       2.6 kB
dist/static/js/async/5069.6c5d701a21.js                                5.3 kB       2.6 kB
dist/static/js/async/25029.e582ba52bc.js                               5.3 kB       2.6 kB
dist/static/js/async/11648.ed1eff6eb6.js                               5.3 kB       2.2 kB
dist/static/js/async/89160.8171eda5fe.js                               5.3 kB       2.6 kB
dist/static/js/async/55467.3dafa11563.js                               5.3 kB       2.6 kB
dist/static/js/async/56756.2d7cc17c3d.js                               5.3 kB       2.2 kB
dist/static/js/async/47723.a180cff940.js                               5.3 kB       2.3 kB
dist/static/js/async/2861.1382cbe5ee.js                                5.3 kB       2.1 kB
dist/static/js/async/35709.cba56df85c.js                               5.3 kB       2.6 kB
dist/static/js/async/72237.82a42c2fe9.js                               5.3 kB       2.2 kB
dist/static/js/async/90163.f3a458e40b.js                               5.3 kB       2.1 kB
dist/static/js/async/35810.cf147848f4.js                               5.4 kB       2.7 kB
dist/static/js/async/54434.d9aac94684.js                               5.4 kB       2.7 kB
dist/static/js/async/21867.e027f5cb7b.js                               5.4 kB       2.6 kB
dist/static/js/async/48699.2bae53054f.js                               5.4 kB       2.2 kB
dist/static/js/async/7220.0a9f1f37c5.js                                5.4 kB       2.7 kB
dist/static/js/async/66333.1fca16e960.js                               5.4 kB       2.7 kB
dist/static/js/async/32400.9e0a0406ae.js                               5.4 kB       2.0 kB
dist/static/js/async/12825.ce5b76cf9d.js                               5.4 kB       1.6 kB
dist/static/js/async/11049.d07bf45cfc.js                               5.4 kB       1.6 kB
dist/static/font/KaTeX_Size1-Regular.eae34984b3.woff2                  5.5 kB    
dist/static/js/async/25559.1289a24e6d.js                               5.5 kB       2.5 kB
dist/static/js/async/49666.fd5d12cd8d.js                               5.5 kB       2.6 kB
dist/static/js/async/69575.66b6756e90.js                               5.5 kB       2.5 kB
dist/static/js/async/11746.5d08bcc9f4.js                               5.5 kB       2.5 kB
dist/static/js/async/4399.2164fcc2c5.js                                5.5 kB       2.7 kB
dist/static/js/async/45824.1ee81d53f3.js                               5.5 kB       2.5 kB
dist/static/js/async/6453.07800ffe0a.js                                5.5 kB       2.6 kB
dist/static/js/async/32122.ff681841f8.js                               5.5 kB       2.4 kB
dist/static/js/async/88480.2293654137.js                               5.5 kB       2.4 kB
dist/static/js/async/97137.e1fecaafb5.js                               5.5 kB       2.8 kB
dist/static/js/async/85019.a52588f806.js                               5.5 kB       2.7 kB
dist/static/js/async/61016.b394722477.js                               5.6 kB       2.6 kB
dist/static/js/async/77879.43639c6376.js                               5.6 kB       2.2 kB
dist/static/js/async/30506.f40a92f2ad.js                               5.6 kB       2.3 kB
dist/static/js/async/95669.7ece824d2c.js                               5.6 kB       2.5 kB
dist/static/js/async/93683.c52c480190.js                               5.6 kB       2.4 kB
dist/static/js/async/30035.7d30f2913f.js                               5.6 kB       2.4 kB
dist/static/js/async/35424.da044e1398.js                               5.6 kB       2.6 kB
dist/static/js/async/21384.a92852c55e.js                               5.6 kB       2.5 kB
dist/static/js/async/44947.71d6fbd346.js                               5.6 kB       2.6 kB
dist/static/js/async/56480.08a9d7d25b.js                               5.6 kB       2.5 kB
dist/static/js/async/13097.60d09b77df.js                               5.6 kB       2.8 kB
dist/static/js/async/73091.67045040f2.js                               5.6 kB       2.8 kB
dist/static/js/async/32835.8755dd9a7f.js                               5.7 kB       2.6 kB
dist/static/js/async/99673.2756d33958.js                               5.7 kB       2.7 kB
dist/static/js/async/15317.7c517408d1.js                               5.7 kB       2.5 kB
dist/static/js/async/71322.e04b9faa66.js                               5.7 kB       2.8 kB
dist/static/js/async/82010.c7dd5f895b.js                               5.7 kB       2.6 kB
dist/static/js/async/15618.8626d25163.js                               5.7 kB       2.4 kB
dist/static/js/async/30861.d0f7396ba3.js                               5.7 kB       2.7 kB
dist/static/js/async/74873.229301d609.js                               5.7 kB       2.9 kB
dist/static/js/async/11900.cb09c226f9.js                               5.7 kB       2.6 kB
dist/static/js/async/96845.4b3ea94893.js                               5.7 kB       2.8 kB
dist/static/js/async/4595.4a924a378b.js                                5.7 kB       2.6 kB
dist/static/js/async/1198.aa5ec942be.js                                5.7 kB       2.8 kB
dist/static/js/async/82739.d4956942a5.js                               5.7 kB       2.8 kB
dist/static/js/async/74339.aa59e28e3f.js                               5.7 kB       2.6 kB
dist/static/js/async/93965.3ff2835a78.js                               5.8 kB       2.1 kB
dist/static/js/async/46005.ed1438286b.js                               5.8 kB       2.4 kB
dist/static/js/async/54333.3cda588690.js                               5.8 kB       2.5 kB
dist/static/js/async/58767.aa774c5b8f.js                               5.8 kB       2.1 kB
dist/static/js/async/54446.6f32a76015.js                               5.8 kB       2.1 kB
dist/static/js/async/96929.3cef1b91aa.js                               5.8 kB       2.1 kB
dist/static/js/async/97553.f6c9d33a97.js                               5.8 kB       2.1 kB
dist/static/js/async/89981.07c41afa2f.js                               5.8 kB       2.1 kB
dist/static/js/async/30834.9ac6513c4f.js                               5.8 kB       2.1 kB
dist/static/js/async/98335.399795d644.js                               5.8 kB       2.1 kB
dist/static/js/async/46143.16d5817520.js                               5.8 kB       2.6 kB
dist/static/js/async/91076.1c096490b8.js                               5.8 kB       2.7 kB
dist/static/js/async/91415.047027a2ae.js                               5.8 kB       2.7 kB
dist/static/js/async/73336.06e2a1a15e.js                               5.8 kB       2.8 kB
dist/static/js/async/5320.749ab47eb7.js                                5.8 kB       2.5 kB
dist/static/js/async/49593.375420942a.js                               5.8 kB       2.7 kB
dist/static/js/async/11732.a25118532e.js                               5.9 kB       2.6 kB
dist/static/js/async/62825.0969cd3047.js                               5.9 kB       2.8 kB
dist/static/js/async/73436.1671836a53.js                               5.9 kB       3.0 kB
dist/static/js/async/4143.e5a51571d4.js                                5.9 kB       2.7 kB
dist/static/js/async/38808.ed9cc292e5.js                               5.9 kB       2.8 kB
dist/static/js/async/76869.4ed95465a3.js                               5.9 kB       2.6 kB
dist/static/js/async/59905.9420d6771c.js                               5.9 kB       2.1 kB
dist/static/js/async/49527.d0aa912dfe.js                               6.0 kB       2.6 kB
dist/static/js/async/18139.639f5143fe.js                               6.0 kB       2.8 kB
dist/static/font/KaTeX_Size4-Regular.7a996c9da2.woff                   6.0 kB    
dist/static/js/async/1100.ee84ee3bed.js                                6.0 kB       2.6 kB
dist/static/js/async/16280.bd53b1250a.js                               6.0 kB       2.6 kB
dist/static/js/async/84661.4585a16198.js                               6.0 kB       2.6 kB
dist/static/js/async/7723.1dd628d214.js                                6.0 kB       2.5 kB
dist/static/js/async/79652.824056528b.js                               6.0 kB       3.0 kB
dist/static/js/async/41451.990878e155.js                               6.0 kB       2.6 kB
dist/static/js/async/42873.c48c7a3f6e.js                               6.0 kB       2.7 kB
dist/static/js/async/14619.5c80b29a6a.js                               6.0 kB       2.7 kB
dist/static/js/async/70573.75606712c3.js                               6.0 kB       2.7 kB
dist/static/js/async/6310.a40a0b3771.js                                6.0 kB       2.6 kB
dist/static/js/async/40831.de8cb0ab14.js                               6.0 kB       3.0 kB
dist/static/js/async/99076.b74ea84c82.js                               6.1 kB       2.9 kB
dist/static/js/async/40902.b96bca1296.js                               6.1 kB       2.9 kB
dist/static/js/async/79096.04a2e1c3c5.js                               6.1 kB       2.8 kB
dist/static/js/async/19857.36a3f2a18f.js                               6.1 kB       2.7 kB
dist/static/js/async/36494.da9155b056.js                               6.2 kB       2.8 kB
dist/static/js/async/98629.b81a00a4c1.js                               6.2 kB       3.0 kB
dist/static/js/async/45446.9ede43e706.js                               6.2 kB       2.9 kB
dist/static/js/async/11612.b56f1c0ee6.js                               6.2 kB       2.8 kB
dist/static/font/KaTeX_Size2-Regular.577270225e.woff                   6.2 kB    
dist/static/js/async/59236.86b0284744.js                               6.2 kB       2.7 kB
dist/static/js/async/21697.8621facecd.js                               6.3 kB       3.0 kB
dist/static/js/async/56322.1e3d445db6.js                               6.3 kB       3.0 kB
dist/static/js/async/90047.e7c740a5ba.js                               6.3 kB       2.2 kB
dist/static/js/async/58676.809f464748.js                               6.3 kB       2.4 kB
dist/static/js/async/94440.3556179085.js                               6.3 kB       2.9 kB
dist/static/js/async/84330.6863eb6d71.js                               6.3 kB       2.8 kB
dist/static/js/async/63908.8785570418.js                               6.3 kB       3.1 kB
dist/static/js/async/99384.fb3bad32ee.js                               6.3 kB       3.1 kB
dist/static/js/async/44580.f297463bb5.js                               6.4 kB       3.1 kB
dist/static/js/async/67253.d66aa601f4.js                               6.4 kB       2.9 kB
dist/static/js/async/59700.caed3b1e1e.js                               6.4 kB       2.9 kB
dist/static/js/async/20162.27023099b7.js                               6.4 kB       3.0 kB
dist/static/js/async/30894.ec161dd71e.js                               6.4 kB       3.1 kB
dist/static/js/async/38045.beefe9e2d2.js                               6.4 kB       2.9 kB
dist/static/js/async/31066.a9235fa2d9.js                               6.4 kB       2.1 kB
dist/static/js/async/42081.ae6f7a8401.js                               6.4 kB       3.0 kB
dist/static/js/async/58212.2f63d43255.js                               6.4 kB       2.9 kB
dist/static/js/async/56950.f06854a818.js                               6.5 kB       2.5 kB
dist/static/js/async/13411.6154c52651.js                               6.5 kB       2.7 kB
dist/static/js/async/96580.2df3fb20d0.js                               6.5 kB       3.1 kB
dist/static/js/async/76801.77ac472b69.js                               6.5 kB       2.8 kB
dist/static/js/async/67527.1ecbe467a7.js                               6.5 kB       2.9 kB
dist/static/font/KaTeX_Size1-Regular.e1e279cbdd.woff                   6.5 kB    
dist/static/js/async/4231.6d483e9319.js                                6.5 kB       3.0 kB
dist/static/js/async/57248.e122951a5e.js                               6.5 kB       2.9 kB
dist/static/js/async/42527.b75914b3f5.js                               6.5 kB       2.9 kB
dist/static/js/async/67113.db096292ff.js                               6.5 kB       2.9 kB
dist/static/js/async/27498.2f7c4cb609.js                               6.5 kB       3.2 kB
dist/static/js/async/6065.8c524c3ef6.js                                6.5 kB       3.1 kB
dist/static/js/async/9167.4977b9f089.js                                6.6 kB       3.2 kB
dist/static/js/async/18216.665fc7d2b4.js                               6.6 kB       2.4 kB
dist/static/js/async/94521.d7b945f66b.js                               6.7 kB       2.7 kB
dist/static/js/async/25437.8ad6f7e0f8.js                               6.7 kB       2.8 kB
dist/static/js/async/14796.8b2feab79b.js                               6.7 kB       2.9 kB
dist/static/js/async/1404.19947fa89e.js                                6.8 kB       3.1 kB
dist/static/js/async/73312.627d2c2e53.js                               6.8 kB       3.3 kB
dist/static/js/async/9476.1c7d75dda4.js                                6.8 kB       3.1 kB
dist/static/js/async/65819.b6eeef3d04.js                               6.8 kB       3.3 kB
dist/static/js/async/55388.799e19e312.js                               6.8 kB       2.9 kB
dist/static/js/async/14525.f602fe2740.js                               6.8 kB       3.2 kB
dist/static/js/async/72593.b40630e526.js                               6.8 kB       3.0 kB
dist/static/js/async/49159.9e7df011d1.js                               6.9 kB       3.2 kB
dist/static/js/async/22457.0bc5538d11.js                               6.9 kB       3.2 kB
dist/static/font/KaTeX_Caligraphic-Regular.55fac25845.woff2            6.9 kB    
dist/static/font/KaTeX_Caligraphic-Bold.ec17d13264.woff2               6.9 kB    
dist/static/js/async/51721.40ff7916f0.js                               6.9 kB       3.2 kB
dist/static/js/async/69110.33a76c9b8f.js                               6.9 kB       3.1 kB
dist/static/js/async/10311.dbd9149fb1.js                               7.0 kB       2.9 kB
dist/static/js/async/57720.14c6211eaf.js                               7.0 kB       3.3 kB
dist/static/js/async/67181.46db7c2cee.js                               7.0 kB       2.8 kB
dist/static/js/async/18059.9b65cbc4c7.js                               7.0 kB       3.0 kB
dist/static/js/async/98756.67d86cf9ac.js                               7.0 kB       3.4 kB
dist/static/js/async/30137.e0cc2bd7be.js                               7.1 kB       3.4 kB
dist/static/js/async/741.011142e9a9.js                                 7.1 kB       2.8 kB
dist/static/js/async/14808.81137dbf5a.js                               7.1 kB       2.9 kB
dist/static/js/async/98763.0fa0d858c4.js                               7.2 kB       3.6 kB
dist/static/js/async/40650.6ac8508416.js                               7.2 kB       3.4 kB
dist/static/js/async/5458.b3a8af2681.js                                7.2 kB       3.2 kB
dist/static/js/async/32363.eea6e751f0.js                               7.3 kB       3.2 kB
dist/static/js/async/38387.6fbde1bb47.js                               7.3 kB       3.5 kB
dist/static/js/async/60575.a002462a00.js                               7.5 kB       3.0 kB
dist/static/js/async/12450.badc069bc0.js                               7.5 kB       2.9 kB
dist/static/js/async/99940.0b5b36411d.js                               7.6 kB       3.0 kB
dist/static/js/async/48684.1255c4e1f2.js                               7.6 kB       3.6 kB
dist/static/font/KaTeX_Size3-Regular.a144ef5840.ttf                    7.6 kB    
dist/static/js/async/92977.45ab8d1b4b.js                               7.6 kB       3.3 kB
dist/static/js/async/62015.8d7f10e676.js                               7.6 kB       3.2 kB
dist/static/font/KaTeX_Caligraphic-Regular.dad44a7fc6.woff             7.7 kB    
dist/static/js/async/16737.f9eb41fdec.js                               7.7 kB       3.5 kB
dist/static/font/public-sans-vietnamese-wght-normal.7b0fa8550c.woff2   7.7 kB    
dist/static/font/KaTeX_Caligraphic-Bold.b67709187b.woff                7.7 kB    
dist/static/js/async/75803.e8ab40b8be.js                               7.7 kB       3.5 kB
dist/static/js/async/5822.7e1e78afcd.js                                7.8 kB       3.5 kB
dist/static/js/async/23776.75242e54c7.js                               7.8 kB       2.2 kB
dist/static/js/async/26846.da55072a9c.js                               7.8 kB       3.7 kB
dist/static/js/async/92155.a3bfcf6e6c.js                               7.9 kB       3.7 kB
dist/static/js/async/90506.3380918f79.js                               7.9 kB       2.3 kB
dist/static/js/async/61584.460d6c6873.js                               7.9 kB       2.3 kB
dist/static/js/async/64344.e81873d80e.js                               7.9 kB       2.3 kB
dist/static/js/async/84192.78bab52f04.js                               7.9 kB       2.3 kB
dist/static/js/async/72666.1094595343.js                               8.0 kB       2.4 kB
dist/static/js/async/62524.19313c6102.js                               8.0 kB       2.4 kB
dist/static/js/async/63866.33aac41ead.js                               8.0 kB       2.4 kB
dist/static/js/async/94565.cf6220bb29.js                               8.0 kB       3.6 kB
dist/static/js/async/88276.96930a626b.js                               8.0 kB       2.4 kB
dist/static/js/async/51910.2296597711.js                               8.0 kB       2.4 kB
dist/static/js/async/45299.77828922e8.js                               8.0 kB       2.4 kB
dist/static/js/async/84796.27a833906e.js                               8.0 kB       2.4 kB
dist/static/js/async/30883.8ca23a60c6.js                               8.0 kB       2.4 kB
dist/static/js/async/20829.29310b4e10.js                               8.0 kB       3.1 kB
dist/static/js/async/52282.c21aa35e07.js                               8.0 kB       2.4 kB
dist/static/js/async/74882.195adf41e6.js                               8.0 kB       2.4 kB
dist/static/js/async/51314.6c150c34bb.js                               8.0 kB       2.4 kB
dist/static/js/async/69456.4a8189d46e.js                               8.0 kB       2.4 kB
dist/static/js/async/53637.5079474e51.js                               8.0 kB       3.8 kB
dist/static/js/async/18523.230a6fd7a3.js                               8.0 kB       2.4 kB
dist/static/js/async/44078.14530d91e0.js                               8.0 kB       2.4 kB
dist/static/js/async/83689.6ca6cf6b2d.js                               8.0 kB       2.4 kB
dist/static/js/async/4153.6625abb93c.js                                8.0 kB       3.0 kB
dist/static/js/async/99792.b72ca6bfa5.js                               8.0 kB       2.4 kB
dist/static/js/async/89394.a1ca50fd4a.js                               8.0 kB       2.4 kB
dist/static/js/async/98364.2c61dc1775.js                               8.0 kB       3.3 kB
dist/static/js/async/51474.2fe1abebcd.js                               8.1 kB       2.4 kB
dist/static/js/async/5130.8494c7ec61.js                                8.1 kB       2.4 kB
dist/static/js/async/71731.d62c0eb3d7.js                               8.1 kB       2.4 kB
dist/static/js/async/9783.c3ae15983b.js                                8.1 kB       2.4 kB
dist/static/js/async/16359.1a50d8a3c6.js                               8.1 kB       3.6 kB
dist/static/js/async/75193.3be32b2f9c.js                               8.1 kB       2.5 kB
dist/static/js/async/18670.19ebb5f7e2.js                               8.1 kB       3.7 kB
dist/static/js/async/31359.c6e7aa3397.js                               8.1 kB       2.4 kB
dist/static/js/async/70104.d5a568ab87.js                               8.1 kB       2.4 kB
dist/static/js/async/20564.bbcc2b7c44.js                               8.1 kB       2.4 kB
dist/static/js/async/49127.2a91924ce8.js                               8.1 kB       2.5 kB
dist/static/js/async/54382.478008412a.js                               8.1 kB       3.3 kB
dist/static/js/async/46676.0f265db6a0.js                               8.1 kB       3.8 kB
dist/static/js/async/72138.c728a3ee4d.js                               8.1 kB       3.4 kB
dist/static/js/async/48287.5dfe363bbd.js                               8.1 kB       2.4 kB
dist/static/js/async/83791.d97b55e862.js                               8.1 kB       2.4 kB
dist/static/js/async/10593.1e89cfaed9.js                               8.1 kB       2.5 kB
dist/static/js/async/23871.f09a70d7fa.js                               8.1 kB       2.5 kB
dist/static/js/async/35846.900743da38.js                               8.1 kB       3.8 kB
dist/static/js/async/31361.72224fdc9e.js                               8.1 kB       3.6 kB
dist/static/js/async/96139.8df3b54215.js                               8.1 kB       2.4 kB
dist/static/js/async/34054.9b8313d52e.js                               8.1 kB       2.5 kB
dist/static/js/async/83942.0add4cb77e.js                               8.2 kB       2.5 kB
dist/static/js/async/96714.2a32670d46.js                               8.2 kB       2.5 kB
dist/static/js/async/50906.51d5e0c4b7.js                               8.2 kB       3.3 kB
dist/static/js/async/87818.3d2f99d893.js                               8.2 kB       2.5 kB
dist/static/js/async/38331.98c05c9e52.js                               8.2 kB       3.9 kB
dist/static/js/async/40995.b386c2300c.js                               8.2 kB       2.5 kB
dist/static/js/async/3118.c3d5603c85.js                                8.2 kB       3.0 kB
dist/static/js/async/47303.fc89f9909c.js                               8.2 kB       2.5 kB
dist/static/js/async/1494.969ae8b7ef.js                                8.2 kB       2.5 kB
dist/static/js/async/20420.e94ce50ec1.js                               8.2 kB       2.5 kB
dist/static/js/async/2235.c4e0dfb5d5.js                                8.2 kB       2.5 kB
dist/static/js/async/69438.6347b4e91c.js                               8.2 kB       3.7 kB
dist/static/js/async/44050.74f8dcbabf.js                               8.2 kB       2.5 kB
dist/static/js/async/26881.96a865a724.js                               8.2 kB       2.5 kB
dist/static/js/async/60663.029e2847f1.js                               8.2 kB       2.4 kB
dist/static/js/async/62493.149a772d43.js                               8.2 kB       2.5 kB
dist/static/js/async/62597.ae0237ef51.js                               8.2 kB       2.5 kB
dist/static/js/async/93483.2c25d224d2.js                               8.2 kB       2.5 kB
dist/static/js/async/45340.d289ee9bfa.js                               8.2 kB       2.5 kB
dist/static/js/async/30848.190c08edff.js                               8.2 kB       3.7 kB
dist/static/js/async/78878.8a67202816.js                               8.2 kB       2.5 kB
dist/static/js/async/21859.5f5fc4df75.js                               8.2 kB       2.6 kB
dist/static/js/async/80887.0abf71e55a.js                               8.2 kB       2.6 kB
dist/static/js/async/2301.c3066d4c4d.js                                8.2 kB       2.5 kB
dist/static/js/async/35951.e4b2b024de.js                               8.2 kB       2.6 kB
dist/static/js/async/41681.094d3779bc.js                               8.2 kB       2.5 kB
dist/static/js/async/12061.66666ec93e.js                               8.2 kB       2.6 kB
dist/static/js/async/28081.aa56997f17.js                               8.2 kB       2.5 kB
dist/static/js/async/14163.44b0056481.js                               8.2 kB       2.5 kB
dist/static/js/async/62455.9ed9980d4c.js                               8.2 kB       2.5 kB
dist/static/js/async/47044.9349aab6c9.js                               8.3 kB       3.6 kB
dist/static/js/async/90873.4d2a7066b7.js                               8.3 kB       3.4 kB
dist/static/js/async/73733.ad23773991.js                               8.3 kB       2.5 kB
dist/static/js/async/35105.4ca655f836.js                               8.3 kB       3.7 kB
dist/static/js/async/66884.a174e1776e.js                               8.3 kB       2.6 kB
dist/static/js/async/24820.04fd6350a1.js                               8.3 kB       2.5 kB
dist/static/js/async/67067.27c65d5804.js                               8.3 kB       2.5 kB
dist/static/js/async/54068.c8355b76aa.js                               8.3 kB       2.5 kB
dist/static/js/async/20436.95343f2559.js                               8.3 kB       2.6 kB
dist/static/js/async/53448.5779d73afd.js                               8.3 kB       2.8 kB
dist/static/js/async/37365.a2b80e7482.js                               8.3 kB       2.6 kB
dist/static/js/async/5579.5decc69842.js                                8.3 kB       3.4 kB
dist/static/js/async/30285.7616b272fc.js                               8.3 kB       2.6 kB
dist/static/js/async/92381.86121e55fe.js                               8.3 kB       2.6 kB
dist/static/js/async/71579.745fc65e68.js                               8.3 kB       2.4 kB
dist/static/js/async/10765.3237f24ab2.js                               8.3 kB       2.6 kB
dist/static/js/async/28939.e0ca060ab0.js                               8.3 kB       2.5 kB
dist/static/js/async/17174.2c5e7077e3.js                               8.3 kB       2.5 kB
dist/static/js/async/38641.1ab5a919f6.js                               8.3 kB       2.5 kB
dist/static/js/async/58521.44279af036.js                               8.3 kB       2.6 kB
dist/static/js/async/22932.ce4baca600.js                               8.3 kB       2.6 kB
dist/static/js/async/20755.6cb606aed6.js                               8.3 kB       2.6 kB
dist/static/js/async/81114.4218a38bf8.js                               8.3 kB       2.6 kB
dist/static/js/async/65055.fe16939b78.js                               8.3 kB       2.6 kB
dist/static/js/async/99161.ddccb7aff7.js                               8.4 kB       2.6 kB
dist/static/js/async/11022.06ad960fc9.js                               8.4 kB       2.5 kB
dist/static/js/async/61491.e79330685b.js                               8.4 kB       2.6 kB
dist/static/js/async/91245.5e3b335817.js                               8.4 kB       2.6 kB
dist/static/js/async/38741.04d215d2cc.js                               8.4 kB       2.6 kB
dist/static/js/async/42786.cf88a2ec11.js                               8.4 kB       2.6 kB
dist/static/js/async/47104.d17e73d8e0.js                               8.4 kB       2.6 kB
dist/static/js/async/66796.e09f03bbdd.js                               8.4 kB       2.6 kB
dist/static/js/async/65009.7acf25d5c5.js                               8.4 kB       2.7 kB
dist/static/js/async/93512.8eaa159a0c.js                               8.4 kB       2.5 kB
dist/static/js/async/67776.6b25d89a12.js                               8.4 kB       2.7 kB
dist/static/js/async/83341.0d6f261a8a.js                               8.4 kB       2.6 kB
dist/static/js/async/34346.7dc689822e.js                               8.4 kB       2.6 kB
dist/static/js/async/77676.e29850f454.js                               8.4 kB       2.6 kB
dist/static/js/async/18396.5c71e0f126.js                               8.4 kB       2.7 kB
dist/static/js/async/62866.c0efbee14c.js                               8.4 kB       2.6 kB
dist/static/js/async/49578.15b6827da2.js                               8.4 kB       2.6 kB
dist/static/js/async/38354.ad54c97d57.js                               8.4 kB       2.6 kB
dist/static/js/async/21467.4ea7a90a5d.js                               8.4 kB       2.7 kB
dist/static/js/async/94405.b700550b68.js                               8.4 kB       2.6 kB
dist/static/js/async/40703.ee329a1e70.js                               8.4 kB       2.6 kB
dist/static/js/async/30463.c786c720ce.js                               8.5 kB       2.6 kB
dist/static/js/async/72139.0bc27246b5.js                               8.5 kB       2.6 kB
dist/static/js/async/368.619a84d804.js                                 8.5 kB       2.7 kB
dist/static/js/async/68679.c1facc35e9.js                               8.5 kB       2.7 kB
dist/static/js/async/74916.7ddea44498.js                               8.5 kB       2.7 kB
dist/static/js/async/97154.7fb0f34ec1.js                               8.5 kB       2.7 kB
dist/static/js/async/72290.88649faf8f.js                               8.5 kB       2.6 kB
dist/static/js/async/55694.b7b765e733.js                               8.5 kB       2.7 kB
dist/static/js/async/34084.b31f582e6e.js                               8.5 kB       2.7 kB
dist/static/js/async/96285.1f7e9dcb1a.js                               8.5 kB       2.7 kB
dist/static/js/async/26765.19c653f93f.js                               8.5 kB       2.7 kB
dist/static/js/async/3208.08ac5918a3.js                                8.5 kB       2.7 kB
dist/static/js/async/11633.f9370951f7.js                               8.5 kB       2.7 kB
dist/static/js/async/44985.e85186b363.js                               8.5 kB       2.8 kB
dist/static/js/async/97303.dddcc136d1.js                               8.5 kB       2.7 kB
dist/static/js/async/40922.14dc42a60a.js                               8.5 kB       2.7 kB
dist/static/js/async/8089.30c8cbab51.js                                8.5 kB       2.7 kB
dist/static/js/async/56533.fe91a86965.js                               8.5 kB       2.7 kB
dist/static/js/async/68909.7cf46f80ec.js                               8.5 kB       2.7 kB
dist/static/js/async/55375.df89fa538f.js                               8.5 kB       2.7 kB
dist/static/js/async/68112.7a10a6b86b.js                               8.6 kB       3.8 kB
dist/static/js/async/51192.4eaaa6d49d.js                               8.6 kB       2.7 kB
dist/static/js/async/6821.20234783a8.js                                8.6 kB       2.7 kB
dist/static/js/async/41515.9fa4a90b25.js                               8.6 kB       2.6 kB
dist/static/js/async/33713.dddec8af67.js                               8.6 kB       2.7 kB
dist/static/js/async/81255.7ead863297.js                               8.6 kB       2.6 kB
dist/static/js/async/953.d5d76a2a4c.js                                 8.6 kB       2.7 kB
dist/static/js/async/8782.d5e510dc5c.js                                8.6 kB       2.7 kB
dist/static/js/async/19652.c441a154ef.js                               8.6 kB       2.7 kB
dist/static/js/async/99669.fb735858a9.js                               8.6 kB       2.7 kB
dist/static/js/async/86352.def10291cc.js                               8.6 kB       2.7 kB
dist/static/js/async/83747.69ad5a277e.js                               8.6 kB       2.7 kB
dist/static/js/async/7795.80cb84f354.js                                8.6 kB       2.6 kB
dist/static/js/async/40003.7f52f9869e.js                               8.6 kB       2.8 kB
dist/static/js/async/26092.b9c6ee12a3.js                               8.6 kB       2.7 kB
dist/static/js/async/28637.6006cf1583.js                               8.6 kB       2.8 kB
dist/static/js/async/11355.bd5643c5c3.js                               8.6 kB       2.8 kB
dist/static/js/async/64146.8274bb6bcb.js                               8.6 kB       2.8 kB
dist/static/js/async/36583.71086e3551.js                               8.6 kB       2.7 kB
dist/static/js/async/57056.6297bb6f4d.js                               8.6 kB       2.8 kB
dist/static/js/async/37506.682c5d3bd2.js                               8.6 kB       2.8 kB
dist/static/js/async/94426.17bf262434.js                               8.6 kB       2.7 kB
dist/static/js/async/35682.6143dc32c6.js                               8.6 kB       2.8 kB
dist/static/js/async/14679.644d0a0b96.js                               8.6 kB       2.7 kB
dist/static/js/async/23327.897f2588d8.js                               8.6 kB       2.7 kB
dist/static/js/async/87182.098ff911a6.js                               8.7 kB       2.8 kB
dist/static/js/async/27285.642d933f24.js                               8.7 kB       2.8 kB
dist/static/js/async/91369.32a4c428ba.js                               8.7 kB       2.8 kB
dist/static/js/async/60834.1a176f4c61.js                               8.7 kB       2.7 kB
dist/static/js/async/31299.9cc839e81d.js                               8.7 kB       2.7 kB
dist/static/js/async/69294.c656fec090.js                               8.7 kB       2.9 kB
dist/static/js/async/56924.3d3bb0d339.js                               8.7 kB       2.8 kB
dist/static/js/async/41636.6afd4c1cfb.js                               8.7 kB       2.7 kB
dist/static/js/async/22214.edb6b2e731.js                               8.7 kB       2.9 kB
dist/static/js/async/72535.471c181c7d.js                               8.7 kB       2.9 kB
dist/static/js/async/24897.2385d975e5.js                               8.8 kB       2.9 kB
dist/static/js/async/32130.6cd163f1e6.js                               8.8 kB       2.8 kB
dist/static/js/async/78510.f5551a9552.js                               8.8 kB       4.1 kB
dist/static/js/async/39729.1b23619e90.js                               8.8 kB       2.8 kB
dist/static/js/async/3087.ed30150e3a.js                                8.8 kB       2.9 kB
dist/static/js/async/11736.4216adf827.js                               8.8 kB       3.8 kB
dist/static/js/async/51949.738e2cb817.js                               8.8 kB       2.9 kB
dist/static/js/async/55492.b38696adbe.js                               8.8 kB       2.7 kB
dist/static/js/async/14415.5bcb7f95d5.js                               8.8 kB       3.9 kB
dist/static/js/async/8122.6237b3e99d.js                                8.8 kB       2.7 kB
dist/static/js/async/19638.c683d6e9df.js                               8.8 kB       2.8 kB
dist/static/js/async/32362.6761a77ed4.js                               8.8 kB       2.8 kB
dist/static/js/async/25576.4b652ebc9a.js                               8.8 kB       2.9 kB
dist/static/js/async/30308.4f53271c29.js                               8.8 kB       2.8 kB
dist/static/js/async/54508.1a38b2c73c.js                               8.8 kB       2.8 kB
dist/static/js/async/28788.a61d2bcdbd.js                               8.9 kB       2.9 kB
dist/static/js/async/21892.46c86a7b0a.js                               8.9 kB       2.9 kB
dist/static/js/async/21041.2aa39716c2.js                               8.9 kB       2.9 kB
dist/static/js/async/56559.f067e1dec2.js                               8.9 kB       2.7 kB
dist/static/js/async/99325.ae34a11332.js                               8.9 kB       3.0 kB
dist/static/js/async/24557.4abaf9383f.js                               8.9 kB       2.9 kB
dist/static/js/async/63484.04171b7d79.js                               8.9 kB       2.8 kB
dist/static/js/async/69078.9c3a190427.js                               8.9 kB       2.9 kB
dist/static/js/async/71854.05712c2b7f.js                               8.9 kB       2.9 kB
dist/static/js/async/15989.0b392f2ccc.js                               8.9 kB       3.0 kB
dist/static/js/async/95473.a120dbdbab.js                               8.9 kB       2.9 kB
dist/static/js/async/63124.5da859b281.js                               9.0 kB       2.9 kB
dist/static/js/async/16267.151d81be93.js                               9.0 kB       2.9 kB
dist/static/js/async/2839.57cc34d6a5.js                                9.0 kB       3.0 kB
dist/static/js/async/65526.901d38aca6.js                               9.0 kB       3.0 kB
dist/static/font/lora-vietnamese-wght-normal.19149cdf69.woff2          9.0 kB    
dist/static/js/async/40266.f7683656f1.js                               9.0 kB       2.9 kB
dist/static/js/async/63132.949657f039.js                               9.0 kB       2.8 kB
dist/static/js/async/65215.dbf509a9ba.js                               9.0 kB       3.0 kB
dist/static/js/async/58988.f85b87eaee.js                               9.0 kB       2.6 kB
dist/static/js/async/57802.b682a20160.js                               9.0 kB       3.0 kB
dist/static/js/async/90487.bc8ccd92ba.js                               9.0 kB       3.0 kB
dist/static/js/async/24291.e4fdcfde2b.js                               9.0 kB       3.0 kB
dist/static/js/async/27333.2d5e03dc5a.js                               9.0 kB       2.8 kB
dist/static/js/async/10600.fc4ddaa25f.js                               9.0 kB       3.7 kB
dist/static/js/async/20552.3e2db372bb.js                               9.1 kB       3.0 kB
dist/static/js/async/22001.9c6dec9b55.js                               9.1 kB       3.0 kB
dist/static/js/async/32634.67203c5b78.js                               9.1 kB       3.0 kB
dist/static/js/async/49881.9586a923f2.js                               9.1 kB       2.9 kB
dist/static/js/async/14266.aa19b4361b.js                               9.1 kB       3.0 kB
dist/static/js/async/15066.84f0de544e.js                               9.1 kB       3.1 kB
dist/static/js/async/26435.ce4245730c.js                               9.1 kB       3.1 kB
dist/static/js/async/68235.56cae7c91b.js                               9.1 kB       3.1 kB
dist/static/js/async/5059.c4f1214958.js                                9.1 kB       2.9 kB
dist/static/js/async/13646.fd51f6f499.js                               9.1 kB       3.0 kB
dist/static/js/async/79847.fde4771580.js                               9.1 kB       3.1 kB
dist/static/js/async/89866.2cd14b2f64.js                               9.1 kB       2.9 kB
dist/static/js/async/94867.7b548c7152.js                               9.1 kB       2.9 kB
dist/static/js/async/87493.d076edf85d.js                               9.2 kB       2.9 kB
dist/static/js/async/41522.ce7b4515e6.js                               9.2 kB       2.9 kB
dist/static/js/async/51704.74dbb7c3dc.js                               9.2 kB       2.8 kB
dist/static/js/async/26143.a10e31fe8e.js                               9.2 kB       4.4 kB
dist/static/js/async/92739.54506fbcc9.js                               9.2 kB       3.1 kB
dist/static/js/async/93336.1eec3451a3.js                               9.2 kB       3.1 kB
dist/static/js/async/94862.8667c20ac3.js                               9.2 kB       3.0 kB
dist/static/js/async/11970.f6702b1c26.js                               9.2 kB       2.9 kB
dist/static/js/async/84436.230a16427a.js                               9.2 kB       3.0 kB
dist/static/js/async/8693.d2e20728d3.js                                9.2 kB       3.0 kB
dist/static/js/async/11607.c873e9707a.js                               9.2 kB       3.0 kB
dist/static/js/async/79574.3521975dfd.js                               9.3 kB       2.5 kB
dist/static/js/async/78273.2e22928989.js                               9.3 kB       3.9 kB
dist/static/js/async/74973.7c6a7b4a27.js                               9.3 kB       2.8 kB
dist/static/js/async/1550.ae3e43863f.js                                9.3 kB       2.9 kB
dist/static/js/async/21827.f21ebcb821.js                               9.3 kB       2.8 kB
dist/static/js/async/85851.31c0455b34.js                               9.3 kB       3.1 kB
dist/static/js/async/2409.c9063b265f.js                                9.4 kB       3.0 kB
dist/static/js/async/93154.e5c2e1a337.js                               9.4 kB       3.0 kB
dist/static/js/async/67285.1be33a6b17.js                               9.4 kB       4.0 kB
dist/static/js/async/82376.651243c977.js                               9.4 kB       3.2 kB
dist/static/js/async/92837.18743489b6.js                               9.4 kB       3.2 kB
dist/static/js/async/98132.6fd28dfcfc.js                               9.4 kB       3.0 kB
dist/static/js/async/85877.b57df011a6.js                               9.4 kB       4.6 kB
dist/static/js/async/35060.2eb943bb71.js                               9.5 kB       4.2 kB
dist/static/js/async/18247.896967b689.js                               9.5 kB       2.8 kB
dist/static/js/async/54325.6d51809023.js                               9.5 kB       3.3 kB
dist/static/js/async/45632.4cb5c3e016.js                               9.5 kB       3.3 kB
dist/static/js/async/44882.bdae1ff198.js                               9.5 kB       3.2 kB
dist/static/js/async/86226.a29d3668fd.js                               9.5 kB       3.3 kB
dist/static/js/async/35994.25b28a2177.js                               9.5 kB       3.0 kB
dist/static/js/async/77206.d7bfac8a08.js                               9.5 kB       3.2 kB
dist/static/js/async/48482.375e51581e.js                               9.5 kB       3.6 kB
dist/static/js/async/31393.49e7370e5f.js                               9.5 kB       3.1 kB
dist/static/js/async/93902.fc3ea689f0.js                               9.5 kB       3.3 kB
dist/static/js/async/99627.521f4601f2.js                               9.6 kB       3.9 kB
dist/static/js/async/74692.56a2b16e6a.js                               9.6 kB       3.7 kB
dist/static/js/async/55053.4598ec213e.js                               9.6 kB       3.2 kB
dist/static/js/async/52091.01dad95e12.js                               9.6 kB       3.4 kB
dist/static/js/async/44256.465e668808.js                               9.6 kB       3.2 kB
dist/static/js/async/11099.86183276d5.js                               9.6 kB       4.0 kB
dist/static/font/KaTeX_Script-Regular.03e9641d6f.woff2                 9.6 kB    
dist/static/js/async/10762.120a558eed.js                               9.7 kB       3.4 kB
dist/static/js/async/2232.3266ec3984.js                                9.7 kB       3.4 kB
dist/static/js/async/57264.bf4bd61c6d.js                               9.7 kB       3.4 kB
dist/static/js/async/37732.7cf68ff910.js                               9.8 kB       3.3 kB
dist/static/js/async/71549.41213e1b80.js                               9.8 kB       3.2 kB
dist/static/js/async/18979.5d7ea6fb95.js                               9.8 kB       3.6 kB
dist/static/js/async/29598.b2a2354c7b.js                               9.8 kB       4.2 kB
dist/static/js/async/53134.ad4827f0cf.js                               9.8 kB       3.2 kB
dist/static/js/async/81207.db2d6f4124.js                               9.8 kB       4.3 kB
dist/static/js/async/87955.594688d314.js                               9.8 kB       2.9 kB
dist/static/js/async/19792.964a9dffaa.js                               9.8 kB       3.4 kB
dist/static/js/async/61013.ec42df0404.js                               9.8 kB       4.7 kB
dist/static/js/async/68728.4e21781c5b.js                               9.8 kB       3.2 kB
dist/static/js/async/17101.3d76010584.js                               9.8 kB       3.2 kB
dist/static/js/async/1013.4d8f7c5a1a.js                                9.9 kB       3.3 kB
dist/static/js/async/86971.cc1e0cec2e.js                               9.9 kB       3.4 kB
dist/static/js/async/75216.b0ab72b97d.js                               9.9 kB       3.4 kB
dist/static/js/async/94317.61621139ec.js                               9.9 kB       3.5 kB
dist/static/js/async/2621.f36363f822.js                                9.9 kB       4.7 kB
dist/static/js/async/82623.d98bb62ef3.js                               9.9 kB       3.3 kB
dist/static/js/async/72110.870fc3df1d.js                               9.9 kB       2.7 kB
dist/static/js/async/55276.50ecdbfb17.js                               9.9 kB       3.4 kB
dist/static/js/async/57843.327684f641.js                               10.0 kB      3.6 kB
dist/static/js/async/78255.444c542cbd.js                               10.0 kB      3.4 kB
dist/static/js/async/99287.3f6fdf7812.js                               10.0 kB      3.3 kB
dist/static/js/async/89468.9fbc6c5f48.js                               10.0 kB      3.5 kB
dist/static/js/async/76621.04873b6770.js                               10.1 kB      3.3 kB
dist/static/js/async/1664.884a3d8aab.js                                10.1 kB      4.7 kB
dist/static/js/async/44368.c1f45d01bb.js                               10.1 kB      3.4 kB
dist/static/js/async/18801.db4fa18794.js                               10.1 kB      3.5 kB
dist/static/js/async/88755.b1e780a27a.js                               10.1 kB      3.6 kB
dist/static/js/async/89508.223aa7bc80.js                               10.1 kB      4.7 kB
dist/static/js/async/56714.7391dbd9be.js                               10.2 kB      3.6 kB
dist/static/js/async/39192.6a5683685c.js                               10.2 kB      4.8 kB
dist/static/js/async/69928.d9318264c4.js                               10.2 kB      3.5 kB
dist/static/js/async/86241.2729e8d0f6.js                               10.2 kB      3.4 kB
dist/static/js/async/24152.ef5e4fc5ed.js                               10.2 kB      3.6 kB
dist/static/js/async/32477.5f75cea438.js                               10.2 kB      3.5 kB
dist/static/js/async/64286.85794c9e78.js                               10.2 kB      4.7 kB
dist/static/js/async/15438.5edc350681.js                               10.2 kB      3.5 kB
dist/static/js/async/62638.20eaf4dfe5.js                               10.3 kB      3.5 kB
dist/static/js/async/9376.7c0db7c2bc.js                                10.3 kB      3.3 kB
dist/static/js/async/10675.dcde1de0ac.js                               10.3 kB      2.9 kB
dist/static/js/async/19083.975477e469.js                               10.3 kB      4.2 kB
dist/static/js/async/6358.8fa085904d.js                                10.3 kB      5.0 kB
dist/static/font/KaTeX_SansSerif-Regular.ba21ed5f84.woff2              10.3 kB   
dist/static/js/async/42166.ea2a0692f9.js                               10.3 kB      3.7 kB
dist/static/font/KaTeX_Size4-Regular.fbccdabe0a.ttf                    10.4 kB   
dist/static/js/async/6943.30c110b871.js                                10.4 kB      3.4 kB
dist/static/js/async/35414.033583ada0.js                               10.4 kB      3.6 kB
dist/static/js/async/47689.6d22db0f55.js                               10.4 kB      3.4 kB
dist/static/js/async/86565.a009c96c9b.js                               10.4 kB      3.5 kB
dist/static/js/async/92643.ad30d8440e.js                               10.5 kB      3.5 kB
dist/static/js/async/58475.5602567d85.js                               10.5 kB      3.7 kB
dist/static/js/async/73938.85e0e501c6.js                               10.5 kB      3.5 kB
dist/static/js/async/92096.4232757bdf.js                               10.6 kB      3.4 kB
dist/static/js/async/34432.a6d5845384.js                               10.6 kB      2.8 kB
dist/static/js/async/14799.24e920baa4.js                               10.6 kB      3.6 kB
dist/static/font/KaTeX_Script-Regular.0750571032.woff                  10.6 kB   
dist/static/js/async/32525.f9e9461603.js                               10.6 kB      3.5 kB
dist/static/js/async/86761.ea14a8182e.js                               10.6 kB      3.6 kB
dist/static/js/async/49164.92b38ea456.js                               10.7 kB      4.7 kB
dist/static/js/async/48017.64b10be0a8.js                               10.7 kB      3.8 kB
dist/static/js/async/42878.aa09a5cf39.js                               10.8 kB      4.5 kB
dist/static/js/async/2903.d9023e0290.js                                10.9 kB      3.4 kB
dist/static/js/async/34769.725a51c856.js                               10.9 kB      4.2 kB
dist/static/js/async/76224.0c65997150.js                               10.9 kB      2.9 kB
dist/static/js/async/7823.2b59eea94e.js                                10.9 kB      3.4 kB
dist/static/js/async/57564.1b31226aaa.js                               10.9 kB      3.0 kB
dist/static/js/async/53238.51612830f9.js                               10.9 kB      3.5 kB
dist/static/js/async/81131.d4f0246a2f.js                               11.0 kB      4.0 kB
dist/static/js/async/39764.79c25fbbb4.js                               11.0 kB      3.9 kB
dist/static/js/async/87887.6d6ae1ac19.js                               11.0 kB      2.8 kB
dist/static/js/async/99020.e562648f5c.js                               11.0 kB      3.0 kB
dist/static/js/async/27489.cf47765237.js                               11.0 kB      4.0 kB
dist/static/js/async/96279.1449b7639f.js                               11.0 kB      3.5 kB
dist/static/js/async/58409.79d2edc27d.js                               11.0 kB      3.4 kB
dist/static/js/async/18906.9b4a3f862f.js                               11.1 kB      4.1 kB
dist/static/js/async/42428.946b31cc6a.js                               11.1 kB      3.3 kB
dist/static/js/async/86579.b0a961cfda.js                               11.1 kB      3.0 kB
dist/static/js/async/6715.4013213b6b.js                                11.2 kB      3.5 kB
dist/static/js/async/17449.bd46a2dd99.js                               11.2 kB      3.0 kB
dist/static/js/async/90813.2446d766d0.js                               11.2 kB      3.9 kB
dist/static/js/async/75729.cbb858bded.js                               11.3 kB      4.0 kB
dist/static/js/async/71927.27e45b208b.js                               11.3 kB      3.1 kB
dist/static/font/KaTeX_Fraktur-Regular.d3c882a649.woff2                11.3 kB   
dist/static/js/async/96873.0cb5c6a991.js                               11.3 kB      3.8 kB
dist/static/js/async/50079.3c424dc195.js                               11.3 kB      3.2 kB
dist/static/js/async/86099.97e0d9c843.js                               11.3 kB      4.2 kB
dist/static/font/KaTeX_Fraktur-Bold.d42a5579b0.woff2                   11.3 kB   
dist/static/js/async/11514.5d1a52c74f.js                               11.4 kB      3.7 kB
dist/static/js/async/29325.90bf2c1550.js                               11.4 kB      3.5 kB
dist/static/js/async/34795.87248cd2c0.js                               11.4 kB      3.2 kB
dist/static/js/async/647.11aa639d24.js                                 11.5 kB      3.8 kB
dist/static/js/async/59709.8fb0d9dbec.js                               11.5 kB      3.3 kB
dist/static/js/async/57901.168ecf1b11.js                               11.5 kB      2.6 kB
dist/static/font/KaTeX_Size2-Regular.d6b476ecd3.ttf                    11.5 kB   
dist/static/js/async/54100.279873da06.js                               11.5 kB      5.2 kB
dist/static/js/async/92853.0ca471bd5d.js                               11.5 kB      4.0 kB
dist/static/js/async/22985.228b8cef8d.js                               11.5 kB      3.2 kB
dist/static/js/async/82996.bbb8f6307e.js                               11.6 kB      3.8 kB
dist/static/js/async/66044.253b34d738.js                               11.6 kB      3.2 kB
dist/static/js/async/67604.c750d2b583.js                               11.6 kB      3.4 kB
dist/static/js/async/55415.cb260f97f5.js                               11.6 kB      3.2 kB
dist/static/js/async/48996.e6285d202d.js                               11.6 kB      3.2 kB
dist/static/js/async/60175.34279d2355.js                               11.6 kB      4.6 kB
dist/static/js/async/72897.229e3c6a40.js                               11.7 kB      4.0 kB
dist/static/js/async/27889.d9a7b0494f.js                               11.7 kB      4.0 kB
dist/static/js/async/11856.708e07c0f0.js                               11.7 kB      4.0 kB
dist/static/js/async/30455.8bb82ae7b4.js                               11.8 kB      3.3 kB
dist/static/js/async/79001.54df49777d.js                               11.8 kB      4.1 kB
dist/static/js/async/81636.578d61f9da.js                               11.8 kB      3.2 kB
dist/static/js/async/74400.f1aee56b16.js                               11.8 kB      4.3 kB
dist/static/js/async/61461.c40a98d741.js                               11.9 kB      3.4 kB
dist/static/js/async/79427.16ae03255f.js                               11.9 kB      3.3 kB
dist/static/js/async/11630.dbb55ebc94.js                               11.9 kB      4.2 kB
dist/static/js/async/9828.c2d610a03a.js                                11.9 kB      3.3 kB
dist/static/js/async/87166.fb1fd6e306.js                               12.0 kB      4.7 kB
dist/static/js/async/86131.230f01ee44.js                               12.0 kB      3.3 kB
dist/static/font/KaTeX_SansSerif-Italic.3b1e59b3ba.woff2               12.0 kB   
dist/static/js/async/77424.d42446c2a2.js                               12.0 kB      3.7 kB
dist/static/js/async/57468.b80c53f770.js                               12.0 kB      3.5 kB
dist/static/js/async/452.fac27d47c3.js                                 12.0 kB      4.1 kB
dist/static/js/async/37540.baeada44dd.js                               12.1 kB      4.5 kB
dist/static/js/async/17237.bb1ba68cd6.js                               12.1 kB      3.4 kB
dist/static/js/async/44786.b78f218dba.js                               12.1 kB      3.4 kB
dist/static/js/async/86740.6ae1457703.js                               12.1 kB      3.5 kB
dist/static/js/async/35826.9a966ab531.js                               12.1 kB      3.5 kB
dist/static/js/async/12425.12102302af.js                               12.1 kB      4.7 kB
dist/static/js/async/28183.c2109a8fba.js                               12.2 kB      5.2 kB
dist/static/js/async/20414.42b953e387.js                               12.2 kB      3.7 kB
dist/static/font/KaTeX_SansSerif-Bold.8c5b5494b6.woff2                 12.2 kB   
dist/static/font/KaTeX_Size1-Regular.fabc004aab.ttf                    12.2 kB   
dist/static/js/async/58708.c05d1a6e59.js                               12.3 kB      4.3 kB
dist/static/font/KaTeX_SansSerif-Regular.740484788f.woff               12.3 kB   
dist/static/font/KaTeX_Caligraphic-Regular.07ef19e7b0.ttf              12.3 kB   
dist/static/js/async/28032.9fa6ff3a02.js                               12.4 kB      3.6 kB
dist/static/font/KaTeX_Caligraphic-Bold.cce5b8ecea.ttf                 12.4 kB   
dist/static/js/async/7786.47ef7ba9df.js                                12.4 kB      2.4 kB
dist/static/js/async/46628.35ef54597a.js                               12.4 kB      3.7 kB
dist/static/js/async/18796.0a4ac9845a.js                               12.4 kB      5.3 kB
dist/static/js/async/43068.8c2cb5de7c.js                               12.5 kB      3.6 kB
dist/static/js/async/38648.0004e07a8e.js                               12.5 kB      4.3 kB
dist/static/js/async/56781.8983ac4960.js                               12.6 kB      3.6 kB
dist/static/js/async/28934.148e402838.js                               12.6 kB      4.3 kB
dist/static/js/async/2311.8024fa12fb.js                                12.7 kB      3.8 kB
dist/static/js/async/21591.5e607f4c22.js                               12.7 kB      4.1 kB
dist/static/js/async/44427.a7cf884a4c.js                               12.7 kB      3.6 kB
dist/static/js/async/36513.fff20326a4.js                               12.8 kB      3.7 kB
dist/static/js/async/16527.d7b6443bdc.js                               12.8 kB      4.1 kB
dist/static/js/async/67585.af0b86a7b2.js                               12.9 kB      5.0 kB
dist/static/js/async/67133.3122d667ee.js                               12.9 kB      3.7 kB
dist/static/js/async/61824.ee4069af91.js                               13.0 kB      3.9 kB
dist/static/js/async/80859.2c8167e2d4.js                               13.1 kB      4.0 kB
dist/static/js/async/8452.490be35682.js                                13.1 kB      4.0 kB
dist/static/js/async/88330.5086e7f5e7.js                               13.1 kB      3.9 kB
dist/static/js/async/81157.efad7b4d68.js                               13.1 kB      2.8 kB
dist/static/js/async/43756.bdc72dc898.js                               13.1 kB      4.0 kB
dist/static/js/async/16355.21921596e9.js                               13.2 kB      4.1 kB
dist/static/font/KaTeX_Fraktur-Regular.7c1871215e.woff                 13.2 kB   
dist/static/js/async/42306.f2165f4bd9.js                               13.2 kB      2.9 kB
dist/static/js/async/5868.6d1116cdab.js                                13.2 kB      5.0 kB
dist/static/js/async/48661.4901a38730.js                               13.2 kB      3.8 kB
dist/static/js/async/54509.3c8453fea2.js                               13.3 kB      5.0 kB
dist/static/font/KaTeX_Fraktur-Bold.9f256b8593.woff                    13.3 kB   
dist/static/js/async/49004.f6e9f90cb3.js                               13.3 kB      4.1 kB
dist/static/js/async/22631.f06eaffa94.js                               13.3 kB      3.0 kB
dist/static/js/async/17339.acaa561628.js                               13.4 kB      2.8 kB
dist/static/js/async/83003.a107ef926b.js                               13.5 kB      4.6 kB
dist/static/js/async/23755.8b3012ff21.js                               13.5 kB      4.1 kB
dist/static/font/KaTeX_Typewriter-Regular.a8709e3622.woff2             13.6 kB   
dist/static/js/async/69343.494da45f2b.js                               13.6 kB      4.0 kB
dist/static/js/async/86557.9ef529523b.js                               13.6 kB      2.9 kB
dist/static/js/async/8625.5684b8c631.js                                13.6 kB      5.2 kB
dist/static/js/async/18334.61fa475a54.js                               13.6 kB      3.1 kB
dist/static/js/async/95014.7e135a5916.js                               13.7 kB      3.0 kB
dist/static/js/async/16756.3850d21f6d.js                               13.7 kB      4.8 kB
dist/static/js/async/35171.b9f6451359.js                               13.7 kB      4.1 kB
dist/static/js/async/32416.cdded6e6f6.js                               13.7 kB      4.0 kB
dist/static/js/async/11371.f3a2bcf825.js                               13.7 kB      5.0 kB
dist/static/js/async/40029.75beb0dfcb.js                               13.8 kB      3.0 kB
dist/static/js/async/2274.f044089ea2.js                                13.8 kB      4.7 kB
dist/static/js/async/95600.18806807da.js                               13.8 kB      5.2 kB
dist/static/js/async/98831.41872df1e1.js                               13.9 kB      4.0 kB
dist/static/js/async/20828.0c61f1b554.js                               13.9 kB      3.3 kB
dist/static/js/async/94560.02a23cc0c1.js                               13.9 kB      2.9 kB
dist/static/js/async/24742.3cbc36a812.js                               13.9 kB      5.1 kB
dist/static/js/async/31410.7a586b11ce.js                               14.0 kB      3.0 kB
dist/static/js/async/31995.7d63d5cd30.js                               14.0 kB      5.1 kB
dist/static/js/async/6701.ee7e9e0f69.js                                14.0 kB      3.3 kB
dist/static/js/async/34942.dbf25b81c8.js                               14.0 kB      4.4 kB
dist/static/js/async/25000.89d2009143.js                               14.1 kB      4.3 kB
dist/static/js/async/47572.2d192e24c0.js                               14.1 kB      3.4 kB
dist/static/font/KaTeX_SansSerif-Italic.7c9bc82b17.woff                14.1 kB   
dist/static/js/async/20534.a1e9781e05.js                               14.2 kB      5.2 kB
dist/static/js/async/72527.52e0a40206.js                               14.2 kB      3.3 kB
dist/static/js/async/48995.6d365c528b.js                               14.3 kB      3.4 kB
dist/static/js/async/19252.945d10045b.js                               14.3 kB      4.4 kB
dist/static/js/async/91103.08795c3ec4.js                               14.3 kB      4.4 kB
dist/static/js/async/70092.3a7a28e34b.js                               14.3 kB      4.4 kB
dist/static/js/async/38827.2e3839b62a.js                               14.4 kB      4.5 kB
dist/static/font/KaTeX_SansSerif-Bold.bf59d231c3.woff                  14.4 kB   
dist/static/js/async/61928.a44040c001.js                               14.4 kB      3.2 kB
dist/static/js/async/64999.f89eb20730.js                               14.4 kB      4.7 kB
dist/static/js/async/43289.43d63b9945.js                               14.4 kB      4.2 kB
dist/static/js/async/87869.b24b123e91.js                               14.4 kB      4.4 kB
dist/static/js/async/49598.5aa9aec5e1.js                               14.5 kB      3.6 kB
dist/static/js/async/79413.75e9b4566f.js                               14.5 kB      3.2 kB
dist/static/js/async/29854.ad96b8946d.js                               14.5 kB      3.5 kB
dist/static/js/async/39635.0789244aab.js                               14.5 kB      4.6 kB
dist/static/js/async/90524.cc1b7e8483.js                               14.6 kB      3.6 kB
dist/static/js/async/80949.ab60bfa003.js                               14.6 kB      4.8 kB
dist/static/js/async/8975.d49b73e9a4.js                                14.6 kB      3.4 kB
dist/static/js/async/91731.de1d4107d6.js                               14.7 kB      3.2 kB
dist/static/js/async/62459.f9b31ec2a8.js                               14.7 kB      3.6 kB
dist/static/js/async/84596.e1aba7a8a5.js                               14.7 kB      4.7 kB
dist/static/js/async/24196.ca9cf807cd.js                               14.8 kB      3.6 kB
dist/static/js/async/40721.603d774ee0.js                               14.8 kB      3.3 kB
dist/static/js/async/82442.17c651133e.js                               14.8 kB      3.4 kB
dist/static/js/async/52354.5182ed8d84.js                               14.8 kB      3.6 kB
dist/static/js/async/53011.246dd2d1f1.js                               14.8 kB      3.6 kB
dist/static/js/async/30068.35febac7a9.js                               14.8 kB      4.5 kB
dist/static/js/async/65238.8487664f05.js                               14.9 kB      4.8 kB
dist/static/js/async/42675.d180607b7d.js                               14.9 kB      3.5 kB
dist/static/js/async/48154.82b332101f.js                               14.9 kB      3.5 kB
dist/static/js/async/49903.34c2b77f8e.js                               14.9 kB      3.4 kB
dist/static/js/async/39849.f42393683d.js                               15.0 kB      3.5 kB
dist/static/js/async/2860.61ebb578d1.js                                15.0 kB      5.1 kB
dist/static/js/async/25345.d7f55cbc4d.js                               15.0 kB      3.6 kB
dist/static/js/async/60058.a8a8353014.js                               15.0 kB      3.7 kB
dist/static/js/async/92717.0a098ea59c.js                               15.0 kB      4.7 kB
dist/static/js/async/3526.8c8993f67f.js                                15.1 kB      3.6 kB
dist/static/js/async/90711.30e736cca4.js                               15.1 kB      3.4 kB
dist/static/js/async/12889.925784b8f5.js                               15.1 kB      3.6 kB
dist/static/js/async/25164.62231fdd33.js                               15.1 kB      3.6 kB
dist/static/js/async/63222.4af8ab8c57.js                               15.1 kB      3.8 kB
dist/static/js/async/98815.5aec921884.js                               15.2 kB      6.1 kB
dist/static/js/async/32929.8b8dc7bad3.js                               15.2 kB      3.3 kB
dist/static/js/async/7394.017759bb82.js                                15.2 kB      3.7 kB
dist/static/js/async/62435.866bdb75e1.js                               15.2 kB      4.8 kB
dist/static/js/async/32557.dc44caad1f.js                               15.3 kB      3.5 kB
dist/static/js/async/51434.3c893e238c.js                               15.3 kB      3.6 kB
dist/static/js/async/61073.a99a527d5e.js                               15.3 kB      4.7 kB
dist/static/js/async/58058.7769dc9f5f.js                               15.3 kB      3.3 kB
dist/static/js/async/5373.374a248dce.js                                15.3 kB      5.1 kB
dist/static/js/async/33298.67393d8465.js                               15.3 kB      3.4 kB
dist/static/js/async/65999.9a400a8431.js                               15.4 kB      3.6 kB
dist/static/js/async/50923.4bf753441a.js                               15.4 kB      3.7 kB
dist/static/js/async/33816.4edd2242b8.js                               15.4 kB      3.6 kB
dist/static/js/async/4615.a7d128e7ff.js                                15.4 kB      3.6 kB
dist/static/js/async/14053.563fc22637.js                               15.4 kB      3.7 kB
dist/static/js/async/78562.5c35799085.js                               15.4 kB      3.7 kB
dist/static/js/async/87347.d189064c28.js                               15.4 kB      3.2 kB
dist/static/js/async/38718.f62668ba81.js                               15.4 kB      4.7 kB
dist/static/js/async/39060.1ee45b515c.js                               15.4 kB      3.9 kB
dist/static/js/async/8817.06f7f9690c.js                                15.5 kB      3.5 kB
dist/static/js/async/63670.206c90d273.js                               15.5 kB      3.8 kB
dist/static/js/async/86657.df7e0bcdc1.js                               15.6 kB      3.9 kB
dist/static/js/async/16629.8b31d1e02f.js                               15.6 kB      4.7 kB
dist/static/js/async/44039.6637b36a52.js                               15.6 kB      3.7 kB
dist/static/js/async/66567.141b2d0b2f.js                               15.6 kB      6.2 kB
dist/static/js/async/46191.ee85f5d88e.js                               15.7 kB      4.0 kB
dist/static/js/async/6803.d5fc8c7c73.js                                15.7 kB      4.4 kB
dist/static/js/async/1378.f3ad89a855.js                                15.7 kB      3.7 kB
dist/static/js/async/37577.9764803216.js                               15.8 kB      4.0 kB
dist/static/js/async/63622.0547178282.js                               15.8 kB      6.2 kB
dist/static/js/async/91803.56785a4a12.js                               15.8 kB      4.9 kB
dist/static/js/async/2404.82490bf74a.js                                15.9 kB      3.6 kB
dist/static/js/async/70010.f682a8570d.js                               16.0 kB      5.2 kB
dist/static/js/async/48247.8747a5cdf4.js                               16.0 kB      4.1 kB
dist/static/js/async/4221.3d5dcf839c.js                                16.0 kB      3.7 kB
dist/static/font/KaTeX_Typewriter-Regular.6258592bdc.woff              16.0 kB   
dist/static/js/async/38240.bbe00bf54c.js                               16.0 kB      6.4 kB
dist/static/js/async/60145.208317a383.js                               16.1 kB      3.8 kB
dist/static/js/async/43614.b52dd65fb2.js                               16.1 kB      3.7 kB
dist/static/js/async/47232.71b756c079.js                               16.1 kB      4.0 kB
dist/static/js/async/86170.3801673aef.js                               16.1 kB      4.9 kB
dist/static/js/async/55657.d25841d577.js                               16.2 kB      6.1 kB
dist/static/js/async/19783.48da51e729.js                               16.2 kB      4.2 kB
dist/static/js/async/70669.bf00fae0c3.js                               16.3 kB      5.5 kB
dist/static/js/async/85604.038bc8e1e9.js                               16.3 kB      3.8 kB
dist/static/js/async/53716.bbb1181b54.js                               16.4 kB      4.4 kB
dist/static/js/async/42082.c03f6872a8.js                               16.4 kB      3.9 kB
dist/static/js/async/88928.85d435d662.js                               16.4 kB      5.0 kB
dist/static/js/async/50618.a6a340dbf6.js                               16.4 kB      4.2 kB
dist/static/font/KaTeX_Math-BoldItalic.572d331f69.woff2                16.4 kB   
dist/static/font/KaTeX_Math-Italic.f28c23acad.woff2                    16.4 kB   
dist/static/js/async/77144.f47fc3f826.js                               16.4 kB      4.1 kB
dist/static/js/async/9767.90a01d1bb0.js                                16.5 kB      4.8 kB
dist/static/js/async/85578.45089efb5b.js                               16.5 kB      4.1 kB
dist/static/js/async/2958.794e5c5c8c.js                                16.6 kB      4.3 kB
dist/static/js/async/20129.1920bc18f8.js                               16.6 kB      4.3 kB
dist/static/js/async/4722.3f4368ec0c.js                                16.6 kB      4.6 kB
dist/static/font/KaTeX_Script-Regular.fe9cbbe1a0.ttf                   16.6 kB   
dist/static/js/async/59925.a8cb53908e.js                               16.7 kB      4.2 kB
dist/static/js/async/40348.fb22b2a0c0.js                               16.7 kB      5.3 kB
dist/static/js/async/71574.3dbb9cb135.js                               16.7 kB      4.0 kB
dist/static/js/async/18845.ae04963c5f.js                               16.8 kB      4.2 kB
dist/static/js/async/40825.5bbd4e9552.js                               16.8 kB      4.3 kB
dist/static/js/async/99513.f60ae09432.js                               16.8 kB      4.8 kB
dist/static/font/KaTeX_Main-BoldItalic.6f2bb1dff2.woff2                16.8 kB   
dist/static/js/async/21651.b8e2f51da1.js                               16.8 kB      4.3 kB
dist/static/js/async/25234.8ebd2a00da.js                               16.8 kB      4.5 kB
dist/static/js/async/98009.6a01f87ed2.js                               16.9 kB      4.2 kB
dist/static/js/async/82609.83a623007a.js                               16.9 kB      4.8 kB
dist/static/js/async/52456.e6a8eda4ee.js                               16.9 kB      3.8 kB
dist/static/js/async/51734.4d92f0485f.js                               17.0 kB      4.7 kB
dist/static/font/KaTeX_Main-Italic.8916142bec.woff2                    17.0 kB   
dist/static/js/async/95889.86018147cf.js                               17.0 kB      4.1 kB
dist/static/js/async/88730.5dc1b0f52e.js                               17.0 kB      4.6 kB
dist/static/js/async/3008.21e944ef48.js                                17.1 kB      4.3 kB
dist/static/js/async/5087.a21591e0a4.js                                17.1 kB      5.4 kB
dist/static/js/async/94467.f9b9220c59.js                               17.1 kB      4.3 kB
dist/static/js/async/81069.bd7dea439f.js                               17.1 kB      5.5 kB
dist/static/js/async/45228.aba4181957.js                               17.2 kB      4.9 kB
dist/static/js/async/43146.95b4b0cfa1.js                               17.2 kB      4.7 kB
dist/static/js/async/58458.61f01c4b69.js                               17.2 kB      4.7 kB
dist/static/font/lora-symbols-wght-normal.0f558387a7.woff2             17.2 kB   
dist/static/js/async/49632.147cc3bfd3.js                               17.3 kB      4.7 kB
dist/static/js/async/55747.005e832099.js                               17.3 kB      3.8 kB
dist/static/js/async/74809.fc652293e9.js                               17.3 kB      4.2 kB
dist/static/js/async/40344.3193ef4539.js                               17.3 kB      4.0 kB
dist/static/js/async/76873.6a801afbd5.js                               17.4 kB      4.3 kB
dist/static/js/async/44123.c4b5c1f11e.js                               17.4 kB      5.4 kB
dist/static/js/async/77419.743cab1469.js                               17.4 kB      4.0 kB
dist/static/js/async/64602.dac7452ed6.js                               17.5 kB      4.6 kB
dist/static/js/async/54025.971b153131.js                               17.5 kB      4.6 kB
dist/static/js/async/11545.79e9725783.js                               17.6 kB      4.7 kB
dist/static/js/async/31420.f71c15e50b.js                               17.6 kB      4.5 kB
dist/static/js/async/6656.2201746897.js                                17.7 kB      4.5 kB
dist/static/js/async/92861.10d5c0dc11.js                               17.7 kB      4.2 kB
dist/static/js/async/57945.314e6f677d.js                               17.7 kB      4.3 kB
dist/static/js/async/63839.c046f92fd0.js                               17.7 kB      4.6 kB
dist/static/js/async/97345.8031bde88a.js                               17.7 kB      4.5 kB
dist/static/js/async/98510.afb8a4f405.js                               17.8 kB      3.8 kB
dist/static/js/async/89372.63b57831c0.js                               17.8 kB      6.5 kB
dist/static/js/async/92890.c8bf2798b9.js                               17.8 kB      4.8 kB
dist/static/js/async/17395.d77b43a34a.js                               17.9 kB      5.0 kB
dist/static/js/async/26029.a39c16120d.js                               17.9 kB      6.5 kB
dist/static/js/async/47071.6e687bcee7.js                               17.9 kB      4.4 kB
dist/static/js/async/39923.41ab5877c8.js                               17.9 kB      5.7 kB
dist/static/js/async/77670.95fe4e5b08.js                               18.0 kB      4.9 kB
dist/static/js/async/97747.71f35b456c.js                               18.0 kB      4.5 kB
dist/static/js/async/66579.f886d909ae.js                               18.0 kB      3.7 kB
dist/static/js/async/6069.1e951da954.js                                18.1 kB      5.9 kB
dist/static/js/async/8417.fe2c893548.js                                18.1 kB      4.6 kB
dist/static/js/async/65923.e217df806e.js                               18.1 kB      5.2 kB
dist/static/js/async/68908.c8db4eeab6.js                               18.1 kB      4.8 kB
dist/static/js/async/24283.1d24d07741.js                               18.2 kB      6.2 kB
dist/static/js/async/96956.8468b1bcc8.js                               18.2 kB      5.1 kB
dist/static/js/async/99561.e90dcf738a.js                               18.2 kB      5.1 kB
dist/static/js/async/39994.3b8c83a9a3.js                               18.3 kB      4.5 kB
dist/static/js/async/36184.3331234afe.js                               18.3 kB      5.4 kB
dist/static/js/async/26094.2af53fd2b1.js                               18.4 kB      4.5 kB
dist/static/js/async/66804.3f19ad35c7.js                               18.4 kB      8.1 kB
dist/static/js/async/80476.c84ac8ce29.js                               18.4 kB      4.8 kB
dist/static/js/async/18310.3a04f929ce.js                               18.4 kB      4.4 kB
dist/static/js/async/96713.97b1fb73ad.js                               18.5 kB      5.1 kB
dist/static/font/public-sans-latin-ext-wght-normal.0afa0ba4c0.woff2    18.5 kB   
dist/static/js/async/68208.6d87754d16.js                               18.5 kB      4.5 kB
dist/static/js/async/97125.5d1b488b2d.js                               18.6 kB      5.2 kB
dist/static/js/async/82557.896990cd4c.js                               18.7 kB      5.2 kB
dist/static/js/async/49649.ff4cd4f6d9.js                               18.7 kB      5.4 kB
dist/static/js/async/50255.1350c72469.js                               18.7 kB      5.1 kB
dist/static/font/KaTeX_Math-BoldItalic.f1035d8d5d.woff                 18.7 kB   
dist/static/font/KaTeX_Math-Italic.5295ba483a.woff                     18.7 kB   
dist/static/js/async/79404.1b38cebc3a.js                               18.8 kB      4.9 kB
dist/static/js/async/66309.3aa29f5e38.js                               18.8 kB      5.3 kB
dist/static/js/async/75377.ec08b5a9dd.js                               18.9 kB      5.8 kB
dist/static/js/async/88253.459c315150.js                               19.0 kB      5.0 kB
dist/static/js/async/12414.2e2c035b8a.js                               19.0 kB      5.8 kB
dist/static/js/async/10840.c72fdde99c.js                               19.0 kB      4.8 kB
dist/static/js/async/7565.63edebc123.js                                19.0 kB      4.6 kB
dist/static/js/async/68961.e730c41227.js                               19.0 kB      4.9 kB
dist/static/js/async/75745.fa1915b475.js                               19.0 kB      4.4 kB
dist/static/js/async/91119.4a26034b9a.js                               19.1 kB      5.3 kB
dist/static/js/async/94843.6030402d7c.js                               19.1 kB      5.2 kB
dist/static/js/async/26460.4b0004201b.js                               19.1 kB      4.6 kB
dist/static/js/async/63247.cf9d2606ee.js                               19.1 kB      6.5 kB
dist/static/js/async/63992.ca81b19837.js                               19.2 kB      5.2 kB
dist/static/js/async/88004.74bc7f4a93.js                               19.2 kB      6.5 kB
dist/static/js/async/97871.6eca40dbe2.js                               19.3 kB      5.4 kB
dist/static/js/async/72954.aa000ac9a3.js                               19.3 kB      4.9 kB
dist/static/js/async/68152.4a8e327980.js                               19.4 kB      4.7 kB
dist/static/js/async/36067.c192be71dc.js                               19.4 kB      5.7 kB
dist/static/js/async/6514.837fa6689b.js                                19.4 kB      5.1 kB
dist/static/js/async/86198.fd63d4ab3b.js                               19.4 kB      4.7 kB
dist/static/font/KaTeX_Main-BoldItalic.e3f82f9d27.woff                 19.4 kB   
dist/static/js/async/60075.4d543a6ff9.js                               19.4 kB      4.9 kB
dist/static/font/KaTeX_SansSerif-Regular.d4d7ba4804.ttf                19.4 kB   
dist/static/js/async/45086.1232bb27db.js                               19.5 kB      4.6 kB
dist/static/font/KaTeX_Fraktur-Regular.ed38e79f57.ttf                  19.6 kB   
dist/static/font/KaTeX_Fraktur-Bold.b18f59e1d1.ttf                     19.6 kB   
dist/static/js/async/14573.a094e997da.js                               19.6 kB      6.5 kB
dist/static/js/async/80745.f3f12c1313.js                               19.6 kB      6.0 kB
dist/static/js/async/91831.621e10e1b7.js                               19.6 kB      4.6 kB
dist/static/font/KaTeX_Main-Italic.9024d815ba.woff                     19.7 kB   
dist/static/js/async/76267.3ba7da724f.js                               19.8 kB      5.4 kB
dist/static/js/async/28701.f76d9b4c77.js                               19.8 kB      5.0 kB
dist/static/js/async/36087.ca06b01ac6.js                               19.8 kB      5.0 kB
dist/static/js/async/24001.9ec4d5dae2.js                               19.8 kB      4.9 kB
dist/static/js/async/67927.7c5e104915.js                               20.0 kB      5.5 kB
dist/static/js/async/3731.fce0ec64f8.js                                20.1 kB      4.6 kB
dist/static/font/lora-latin-ext-wght-normal.ffcbee2da9.woff2           20.1 kB   
dist/static/js/async/92679.a23318d510.js                               20.1 kB      7.5 kB
dist/static/js/async/16623.bcc2635ffe.js                               20.2 kB      4.5 kB
dist/static/js/async/51350.8cc03bc126.js                               20.3 kB      5.1 kB
dist/static/js/async/3144.7a11735e19.js                                20.3 kB      5.2 kB
dist/static/js/async/1016.5773bed1ef.js                                20.4 kB      6.1 kB
dist/static/js/async/58531.2d5c62b187.js                               20.4 kB      6.3 kB
dist/static/js/async/84275.42fbdba9f5.js                               20.5 kB      5.8 kB
dist/static/js/async/51937.4f3dd4966d.js                               20.6 kB      5.1 kB
dist/static/js/async/45395.52cb11eae9.js                               20.7 kB      4.0 kB
dist/static/js/async/49948.398a02c388.js                               20.7 kB      6.1 kB
dist/static/js/async/17592.4536115896.js                               20.9 kB      6.3 kB
dist/static/js/async/4322.083fa834ed.js                                20.9 kB      6.1 kB
dist/static/js/async/57471.aaadc45466.js                               21.0 kB      7.3 kB
dist/static/js/async/57183.d231cec0ad.js                               21.0 kB      6.3 kB
dist/static/js/async/64737.68c9e97dfc.js                               21.0 kB      5.7 kB
dist/static/js/async/65011.c5c626034a.js                               21.1 kB      5.1 kB
dist/static/js/async/32503.43e0ea79ca.js                               21.1 kB      4.9 kB
dist/static/font/lora-cyrillic-wght-normal.e27a865958.woff2            21.2 kB   
dist/static/js/async/6181.512cc85c14.js                                21.3 kB      4.9 kB
dist/static/js/async/17851.e1e9ed74b8.js                               21.5 kB      5.6 kB
dist/static/js/async/13447.d33136ebfa.js                               21.6 kB      5.4 kB
dist/static/js/async/47260.d9ee6169fa.js                               21.7 kB      7.4 kB
dist/static/js/async/91916.be16804d35.js                               21.8 kB      9.7 kB
dist/static/js/async/37323.a450432c36.js                               21.8 kB      9.7 kB
dist/static/js/async/39317.e9d460dd80.js                               21.9 kB      5.9 kB
dist/static/js/async/29472.62bf2d9932.js                               21.9 kB      6.8 kB
dist/static/js/async/89140.e7e7f93058.js                               22.0 kB      6.8 kB
dist/static/js/async/27759.ad7fabd599.js                               22.1 kB      6.1 kB
dist/static/js/async/90292.ccd7af46a7.js                               22.2 kB      5.9 kB
dist/static/js/async/20299.6cec4fa092.js                               22.3 kB      7.1 kB
dist/static/font/KaTeX_SansSerif-Italic.b4c20c84d8.ttf                 22.4 kB   
dist/static/js/async/53201.5f2b71ee94.js                               22.4 kB      5.6 kB
dist/static/js/async/86830.3ee44b2b4a.js                               22.8 kB      6.6 kB
dist/static/js/async/67118.860c05365e.js                               22.8 kB      8.4 kB
dist/static/js/async/29524.ddd503a372.js                               22.9 kB      6.8 kB
dist/static/js/async/84981.fb89d87fc9.js                               23.0 kB      7.3 kB
dist/static/js/async/39893.43e3c1a476.js                               23.0 kB      7.3 kB
dist/static/js/async/37500.0e6b47125d.js                               23.0 kB      6.5 kB
dist/static/js/async/59835.0c54dfa3cc.js                               23.1 kB      7.1 kB
dist/static/js/async/13671.a3673d7d11.js                               23.1 kB      6.6 kB
dist/static/js/async/91292.59f3739a36.js                               23.2 kB      7.1 kB
dist/static/js/async/88300.413884bb75.js                               23.6 kB      6.4 kB
dist/static/font/lora-cyrillic-ext-wght-normal.a558ae9346.woff2        23.6 kB   
dist/static/js/async/56401.b960fd5671.js                               24.0 kB      6.5 kB
dist/static/js/async/90405.aa556628cb.js                               24.1 kB      6.5 kB
dist/static/js/async/702.1b293ad37c.js                                 24.1 kB      6.4 kB
dist/static/js/async/76314.e050576c64.js                               24.1 kB      9.6 kB
dist/static/js/async/19128.e1982c14a9.js                               24.2 kB      6.9 kB
dist/static/font/KaTeX_SansSerif-Bold.94e1e8dc5f.ttf                   24.5 kB   
dist/static/js/async/63194.81eb4317a6.js                               24.7 kB      8.2 kB
dist/static/js/async/37917.583c0896ce.js                               24.8 kB      6.2 kB
dist/static/font/KaTeX_Main-Bold.c3fb5ac22f.woff2                      25.3 kB   
dist/static/js/async/64650.9ed96b5a14.js                               25.8 kB      7.0 kB
dist/static/js/async/96954.37f2c39593.js                               26.0 kB      7.3 kB
dist/static/font/KaTeX_Main-Regular.0462f03bdf.woff2                   26.3 kB   
dist/static/font/public-sans-latin-wght-normal.035c7fe496.woff2        26.8 kB   
dist/static/js/async/91261.c3dc0b0948.js                               27.1 kB      7.4 kB
dist/static/js/async/60712.90db62af27.js                               27.3 kB      9.0 kB
dist/static/js/async/66177.4bd656c568.js                               27.5 kB      7.3 kB
dist/static/js/async/84360.d99e4df2f3.js                               27.5 kB      6.6 kB
dist/static/font/KaTeX_Typewriter-Regular.d97aaf4a1e.ttf               27.6 kB   
dist/static/js/async/2617.1a326cf6b8.js                                27.6 kB      8.3 kB
dist/static/font/KaTeX_AMS-Regular.a79f1c3119.woff2                    28.1 kB   
dist/static/js/async/85662.8849ee156a.js                               28.1 kB      7.1 kB
dist/static/js/async/97280.b3bd449514.js                               28.7 kB      8.6 kB
dist/static/font/lora-math-wght-normal.b7769d42e6.woff2                29.2 kB   
dist/static/css/async/35875.10e003a7e2.css                             29.2 kB      8.0 kB
dist/static/font/KaTeX_Main-Bold.d181c4650d.woff                       29.9 kB   
dist/static/js/async/56564.22b691d170.js                               30.3 kB      11.3 kB
dist/static/js/async/78152.b77d620b15.js                               30.5 kB      7.3 kB
dist/static/js/async/20193.00db293505.js                               30.6 kB      8.3 kB
dist/static/font/KaTeX_Main-Regular.7f51fe0340.woff                    30.8 kB   
dist/static/font/KaTeX_Math-BoldItalic.a879cf8383.ttf                  31.2 kB   
dist/static/font/KaTeX_Math-Italic.939bc64440.ttf                      31.3 kB   
dist/static/font/KaTeX_Main-BoldItalic.70d8b0a530.ttf                  33.0 kB   
dist/static/font/KaTeX_AMS-Regular.1608a09b4a.woff                     33.5 kB   
dist/static/font/KaTeX_Main-Italic.47373d1e51.ttf                      33.6 kB   
dist/static/js/async/4878.9078107557.js                                37.0 kB      11.4 kB
dist/static/font/lora-latin-wght-normal.f60a385cfb.woff2               37.8 kB   
dist/static/js/async/68669.3102bf0d85.js                               40.3 kB      11.4 kB
dist/static/js/async/93834.f2b3efb371.js                               42.7 kB      11.9 kB
dist/static/js/async/30660.72645ceae2.js                               43.6 kB      11.9 kB
dist/favicon.ico                                                       49.8 kB   
dist/static/font/KaTeX_Main-Bold.b74a1a8b2c.ttf                        51.3 kB   
dist/static/svg/sglang.6716313208.svg                                  52.2 kB      17.0 kB
dist/static/font/KaTeX_Main-Regular.b7f8fe9b5f.ttf                     53.6 kB   
dist/static/js/async/66138.c7b5b406d0.js                               59.6 kB      18.1 kB
dist/static/js/async/44573.d67c01ac33.js                               59.9 kB      18.1 kB
dist/static/font/KaTeX_AMS-Regular.4aafdb685c.ttf                      63.6 kB   
dist/static/js/async/61489.717b8b5f09.js                               64.9 kB      19.8 kB
dist/static/js/async/77952.0b2ea4319b.js                               75.0 kB      20.7 kB
dist/static/js/async/418.29b313884f.js                                 75.8 kB      28.8 kB
dist/static/js/async/43931.961e0dcf72.js                               76.2 kB      20.6 kB
dist/static/js/async/25946.98f8fac4d8.js                               76.4 kB      20.7 kB
dist/static/js/async/35073.6a065d78ff.js                               85.3 kB      24.2 kB
dist/static/js/async/86581.7f6c7b07a5.js                               89.2 kB      24.9 kB
dist/static/js/async/91820.06defd47dc.js                               93.2 kB      24.2 kB
dist/static/js/async/81188.2ca986b74f.js                               95.4 kB      28.6 kB
dist/static/js/async/6684.aaa37897c7.js                                96.8 kB      29.8 kB
dist/static/js/async/86245.411a9e6d50.js                               103.6 kB     24.8 kB
dist/static/js/async/81923.f29ad048fc.js                               115.5 kB     14.4 kB
dist/static/js/async/72864.54cbefaf5b.js                               122.0 kB     32.9 kB
dist/static/js/async/28253.620a587629.js                               166.8 kB     42.3 kB
dist/static/js/async/82424.4ce321dd75.js                               168.2 kB     42.3 kB
dist/static/js/vendor-tanstack.41b48fabbb.js                           178.4 kB     52.1 kB
dist/static/js/async/48085.0ea0a19e4c.js                               186.4 kB     30.0 kB
dist/static/js/lib-react.91bc21a6cf.js                                 189.0 kB     59.7 kB
dist/static/js/async/89253.1a4f1aedd6.js                               209.1 kB     74.1 kB
dist/static/js/async/23427.75a10b3b9d.js                               227.0 kB     63.8 kB
dist/static/js/async/6314.31f3f0d7a7.js                                235.4 kB     61.3 kB
dist/static/js/async/94345.64257a2031.js                               259.8 kB     72.0 kB
dist/static/js/async/34369.c570de6c15.js                               281.6 kB     73.7 kB
dist/static/js/async/66709.b280b0a137.js                               288.6 kB     62.5 kB
dist/static/js/async/77396.69ff11d018.js                               328.5 kB     81.1 kB
dist/static/js/async/35875.b85b99f75a.js                               330.5 kB     98.8 kB
dist/static/js/vendor-ui-primitives.d4fa87a1c2.js                      344.6 kB     111.0 kB
dist/static/js/async/39252.a7c57a7618.js                               351.4 kB     89.0 kB
dist/static/js/async/70467.a5137725c7.js                               365.5 kB     123.8 kB
dist/static/js/async/89126.619786b30b.js                               404.9 kB     93.2 kB
dist/static/js/async/49120.23ae7b4b17.js                               419.7 kB     118.2 kB
dist/static/css/index.fd136993db.css                                   432.3 kB     63.2 kB
dist/static/js/async/89534.022b82d907.js                               458.6 kB     143.9 kB
dist/static/js/async/49884.52d1645e33.js                               465.8 kB     100.4 kB
dist/static/js/async/56139.2d56eff680.js                               483.7 kB     157.5 kB
dist/static/js/async/47124.cc5e6be773.js                               505.7 kB     175.0 kB
dist/static/js/async/51129.22f74f13f4.js                               529.9 kB     179.8 kB
dist/static/js/async/59309.51b518891f.js                               577.1 kB     109.4 kB
dist/static/js/async/5229.9362ee6298.js                                691.4 kB     80.9 kB
dist/static/js/async/4744.5c6f2d3b08.js                                707.5 kB     196.8 kB
dist/static/js/18612.7be6636df9.js                                     717.6 kB     206.6 kB
dist/static/js/async/5430.ea74b4eb8d.js                                746.4 kB     235.3 kB
dist/static/js/async/31127.15d2ad561f.js                               786.7 kB     210.7 kB
dist/static/js/async/46981.959ab2ed60.js                               793.9 kB     201.6 kB
dist/static/js/async/77515.7ca1976cf8.js                               1319.1 kB    426.9 kB
dist/static/js/async/99353.94be6973b5.js                               1625.0 kB    302.6 kB
dist/static/js/async/24151.cf339028ad.js                               1664.5 kB    485.5 kB
dist/static/js/async/3239.33fd36c243.js                                1961.9 kB    418.0 kB
dist/static/js/async/39243.288a1dc690.js                               2066.1 kB    561.6 kB
dist/static/js/async/240.8dd4101a83.js                                 2119.8 kB    560.8 kB
dist/static/js/async/95143.886641147e.js                               2147.8 kB    478.0 kB
dist/static/js/async/18496.b92b8ef7e1.js                               3164.3 kB    374.1 kB
dist/static/js/index.958d038d55.js                                     4766.7 kB    1360.8 kB
dist/static/js/async/63898.42a36b960d.js                               5088.1 kB    1968.2 kB
dist/static/js/async/89197.6c460ccb38.js                               5371.6 kB    1203.9 kB
dist/static/js/async/79926.295118323b.js                               6827.3 kB    2750.5 kB

                                                              Total:   66251.6 kB   20365.0 kB

exit_code=0
